series,ticker,event_ticker,midpoint,volume,open_interest,liquidity_dollars,close_time
KXFED,KXFED-27APR-T4.25,KXFED-27APR,0.48,10378.92,2049.26,0.0000,2027-04-28T17:55:00Z
KXFED,KXFED-27APR-T4.00,KXFED-27APR,0.785,15633.58,1780.82,0.0000,2027-04-28T17:55:00Z
KXFED,KXFED-27APR-T3.75,KXFED-27APR,0.8,10871.66,1713.30,0.0000,2027-04-28T17:55:00Z
KXFED,KXFED-27APR-T3.50,KXFED-27APR,0.83,22807.77,2183.87,0.0000,2027-04-28T17:55:00Z
KXFED,KXFED-27APR-T3.25,KXFED-27APR,0.875,16384.12,2003.19,0.0000,2027-04-28T17:55:00Z
KXFED,KXFED-27APR-T3.00,KXFED-27APR,0.91,16129.03,1278.21,0.0000,2027-04-28T17:55:00Z
KXFED,KXFED-27APR-T2.75,KXFED-27APR,0.915,6468.56,1613.81,0.0000,2027-04-28T17:55:00Z
KXFED,KXFED-27APR-T2.50,KXFED-27APR,0.935,6546.30,1411.20,0.0000,2027-04-28T17:55:00Z
KXFED,KXFED-27APR-T2.25,KXFED-27APR,0.955,6162.18,1156.57,0.0000,2027-04-28T17:55:00Z
KXFED,KXFED-27APR-T2.00,KXFED-27APR,0.93,7364.99,1095.79,0.0000,2027-04-28T17:55:00Z
KXFED,KXFED-27APR-T1.75,KXFED-27APR,0.93,3325.46,612.77,0.0000,2027-04-28T17:55:00Z
KXFED,KXFED-27APR-T1.50,KXFED-27APR,0.95,5377.26,998.25,0.0000,2027-04-28T17:55:00Z
KXFED,KXFED-27APR-T1.25,KXFED-27APR,0.93,7961.75,2997.53,0.0000,2027-04-28T17:55:00Z
KXFED,KXFED-27APR-T1.00,KXFED-27APR,0.935,4895.56,991.55,0.0000,2027-04-28T17:55:00Z
KXFED,KXFED-27APR-T0.75,KXFED-27APR,0.94,3780.50,1030.00,0.0000,2027-04-28T17:55:00Z
KXFED,KXFED-27APR-T0.50,KXFED-27APR,0.965,2739.09,1131.00,0.0000,2027-04-28T17:55:00Z
KXFED,KXFED-27APR-T0.25,KXFED-27APR,0.965,2197.85,567.16,0.0000,2027-04-28T17:55:00Z
KXFED,KXFED-27APR-T0.00,KXFED-27APR,0.96,1710.52,933.52,0.0000,2027-04-28T17:55:00Z
KXFED,KXFED-27MAR-T4.25,KXFED-27MAR,0.335,3107.92,1409.60,0.0000,2027-03-17T17:55:00Z
KXFED,KXFED-27MAR-T4.00,KXFED-27MAR,0.815,4225.77,977.62,0.0000,2027-03-17T17:55:00Z
KXFED,KXFED-27MAR-T3.75,KXFED-27MAR,0.76,2430.27,791.58,0.0000,2027-03-17T17:55:00Z
KXFED,KXFED-27MAR-T3.50,KXFED-27MAR,0.765,3084.52,1347.50,0.0000,2027-03-17T17:55:00Z
KXFED,KXFED-27MAR-T3.25,KXFED-27MAR,0.915,4751.56,723.94,0.0000,2027-03-17T17:55:00Z
KXFED,KXFED-27MAR-T3.00,KXFED-27MAR,0.825,1734.03,310.10,0.0000,2027-03-17T17:55:00Z
KXFED,KXFED-27MAR-T2.75,KXFED-27MAR,0.915,1774.73,323.35,0.0000,2027-03-17T17:55:00Z
KXFED,KXFED-27MAR-T2.50,KXFED-27MAR,0.81,1231.34,250.28,0.0000,2027-03-17T17:55:00Z
KXFED,KXFED-27MAR-T2.25,KXFED-27MAR,0.925,2304.48,958.84,0.0000,2027-03-17T17:55:00Z
KXFED,KXFED-27MAR-T2.00,KXFED-27MAR,0.93,3352.75,872.88,0.0000,2027-03-17T17:55:00Z
KXFED,KXFED-27MAR-T1.75,KXFED-27MAR,0.935,1378.40,203.33,0.0000,2027-03-17T17:55:00Z
KXFED,KXFED-27MAR-T1.50,KXFED-27MAR,0.97,899.71,147.73,0.0000,2027-03-17T17:55:00Z
KXFED,KXFED-27MAR-T1.25,KXFED-27MAR,0.95,1675.21,592.10,0.0000,2027-03-17T17:55:00Z
KXFED,KXFED-27MAR-T1.00,KXFED-27MAR,0.955,1328.04,485.98,0.0000,2027-03-17T17:55:00Z
KXFED,KXFED-27MAR-T0.75,KXFED-27MAR,0.97,1243.32,585.30,0.0000,2027-03-17T17:55:00Z
KXFED,KXFED-27MAR-T0.50,KXFED-27MAR,0.95,671.01,258.98,0.0000,2027-03-17T17:55:00Z
KXFED,KXFED-27MAR-T0.25,KXFED-27MAR,0.965,872.04,361.00,0.0000,2027-03-17T17:55:00Z
KXFED,KXFED-27MAR-T0.00,KXFED-27MAR,0.975,782.91,327.88,0.0000,2027-03-17T17:55:00Z
KXFED,KXFED-27JAN-T4.25,KXFED-27JAN,0.39,1427.25,613.33,0.0000,2027-01-27T18:55:00Z
KXFED,KXFED-27JAN-T4.00,KXFED-27JAN,0.625,4531.33,1259.28,0.0000,2027-01-27T18:55:00Z
KXFED,KXFED-27JAN-T3.75,KXFED-27JAN,0.82,2360.19,750.40,0.0000,2027-01-27T18:55:00Z
KXFED,KXFED-27JAN-T3.50,KXFED-27JAN,0.845,7329.45,1654.20,0.0000,2027-01-27T18:55:00Z
KXFED,KXFED-27JAN-T3.25,KXFED-27JAN,0.93,13229.99,2862.99,0.0000,2027-01-27T18:55:00Z
KXFED,KXFED-27JAN-T3.00,KXFED-27JAN,0.925,5500.17,1084.28,0.0000,2027-01-27T18:55:00Z
KXFED,KXFED-27JAN-T2.75,KXFED-27JAN,0.93,1093.05,360.96,0.0000,2027-01-27T18:55:00Z
KXFED,KXFED-27JAN-T2.50,KXFED-27JAN,0.94,2399.07,1191.28,0.0000,2027-01-27T18:55:00Z
KXFED,KXFED-27JAN-T2.25,KXFED-27JAN,0.94,1682.57,763.00,0.0000,2027-01-27T18:55:00Z
KXFED,KXFED-27JAN-T2.00,KXFED-27JAN,0.935,1795.81,370.87,0.0000,2027-01-27T18:55:00Z
KXFED,KXFED-27JAN-T1.75,KXFED-27JAN,0.95,1454.01,846.28,0.0000,2027-01-27T18:55:00Z
KXFED,KXFED-27JAN-T1.50,KXFED-27JAN,0.95,2390.39,1180.88,0.0000,2027-01-27T18:55:00Z
KXFED,KXFED-27JAN-T1.25,KXFED-27JAN,0.955,2614.16,1022.26,0.0000,2027-01-27T18:55:00Z
KXFED,KXFED-27JAN-T1.00,KXFED-27JAN,0.965,1373.29,526.37,0.0000,2027-01-27T18:55:00Z
KXFED,KXFED-27JAN-T0.75,KXFED-27JAN,0.96,2124.50,538.70,0.0000,2027-01-27T18:55:00Z
KXFED,KXFED-27JAN-T0.50,KXFED-27JAN,0.97,2423.01,1536.79,0.0000,2027-01-27T18:55:00Z
KXFED,KXFED-27JAN-T0.25,KXFED-27JAN,0.96,1143.02,625.99,0.0000,2027-01-27T18:55:00Z
KXFED,KXFED-27JAN-T0.00,KXFED-27JAN,0.98,1066.30,805.08,0.0000,2027-01-27T18:55:00Z
KXFED,KXFED-26DEC-T5.25,KXFED-26DEC,0.01,939.87,680.86,0.0000,2026-12-09T18:55:00Z
KXFED,KXFED-26DEC-T5.00,KXFED-26DEC,0.02,1621.32,969.86,0.0000,2026-12-09T18:55:00Z
KXFED,KXFED-26DEC-T4.75,KXFED-26DEC,0.01,1603.13,1343.04,0.0000,2026-12-09T18:55:00Z
KXFED,KXFED-26DEC-T4.50,KXFED-26DEC,0.035,3256.18,2459.30,0.0000,2026-12-09T18:55:00Z
KXFED,KXFED-26DEC-T4.25,KXFED-26DEC,0.28,19981.70,15105.06,0.0000,2026-12-09T18:55:00Z
KXFED,KXFED-26DEC-T4.00,KXFED-26DEC,0.825,24163.94,16942.36,0.0000,2026-12-09T18:55:00Z
KXFED,KXFED-26DEC-T3.75,KXFED-26DEC,0.985,45155.09,16814.68,0.0000,2026-12-09T18:55:00Z
KXFED,KXFED-26DEC-T3.50,KXFED-26DEC,0.97,33936.85,18142.62,0.0000,2026-12-09T18:55:00Z
KXFED,KXFED-26DEC-T3.25,KXFED-26DEC,0.975,13007.48,3027.00,0.0000,2026-12-09T18:55:00Z
KXFED,KXFED-26DEC-T3.00,KXFED-26DEC,0.985,7970.17,2802.17,0.0000,2026-12-09T18:55:00Z
KXFED,KXFED-26DEC-T2.75,KXFED-26DEC,0.985,19428.55,6597.63,0.0000,2026-12-09T18:55:00Z
KXFED,KXFED-26OCT-T5.25,KXFED-26OCT,0.01,1490.00,1022.00,0.0000,2026-10-28T17:55:00Z
KXFED,KXFED-26OCT-T5.00,KXFED-26OCT,0.01,374.00,255.00,0.0000,2026-10-28T17:55:00Z
KXFED,KXFED-26OCT-T4.75,KXFED-26OCT,0.01,1728.00,648.16,0.0000,2026-10-28T17:55:00Z
KXFED,KXFED-26OCT-T4.50,KXFED-26OCT,0.015,5075.32,4094.22,0.0000,2026-10-28T17:55:00Z
KXFED,KXFED-26OCT-T4.25,KXFED-26OCT,0.015,8443.00,6788.69,0.0000,2026-10-28T17:55:00Z
KXFED,KXFED-26OCT-T4.00,KXFED-26OCT,0.48,30920.47,21709.36,0.0000,2026-10-28T17:55:00Z
KXFED,KXFED-26OCT-T3.75,KXFED-26OCT,0.99,23466.96,13760.50,0.0000,2026-10-28T17:55:00Z
KXFED,KXFED-26OCT-T3.50,KXFED-26OCT,0.99,13094.19,7405.96,0.0000,2026-10-28T17:55:00Z
KXFED,KXFED-26OCT-T3.25,KXFED-26OCT,0.995,5797.10,2151.09,0.0000,2026-10-28T17:55:00Z
KXFED,KXFED-26OCT-T3.00,KXFED-26OCT,0.995,3184.99,1400.96,0.0000,2026-10-28T17:55:00Z
KXFED,KXFED-26OCT-T2.75,KXFED-26OCT,0.995,2210.19,964.17,0.0000,2026-10-28T17:55:00Z
KXCPI,KXCPI-26DEC-T0.9,KXCPI-26DEC,0.16,0.00,0.00,0.0000,2027-01-13T13:25:00Z
KXCPI,KXCPI-26DEC-T0.8,KXCPI-26DEC,0.16,0.00,0.00,0.0000,2027-01-13T13:25:00Z
KXCPI,KXCPI-26DEC-T0.7,KXCPI-26DEC,0.17,0.00,0.00,0.0000,2027-01-13T13:25:00Z
KXCPI,KXCPI-26DEC-T0.6,KXCPI-26DEC,0.19,0.00,0.00,0.0000,2027-01-13T13:25:00Z
KXCPI,KXCPI-26DEC-T0.5,KXCPI-26DEC,0.22,0.00,0.00,0.0000,2027-01-13T13:25:00Z
KXCPI,KXCPI-26DEC-T0.4,KXCPI-26DEC,0.275,0.00,0.00,0.0000,2027-01-13T13:25:00Z
KXCPI,KXCPI-26DEC-T0.3,KXCPI-26DEC,0.39,0.00,0.00,0.0000,2027-01-13T13:25:00Z
KXCPI,KXCPI-26DEC-T0.2,KXCPI-26DEC,0.615,0.00,0.00,0.0000,2027-01-13T13:25:00Z
KXCPI,KXCPI-26DEC-T0.1,KXCPI-26DEC,0.73,0.00,0.00,0.0000,2027-01-13T13:25:00Z
KXCPI,KXCPI-26DEC-T-0.1,KXCPI-26DEC,0.81,0.00,0.00,0.0000,2027-01-13T13:25:00Z
KXCPI,KXCPI-26DEC-T0.0,KXCPI-26DEC,0.78,0.00,0.00,0.0000,2027-01-13T13:25:00Z
KXCPI,KXCPI-26SEP-T0.9,KXCPI-26SEP,0.025,0.00,0.00,0.0000,2026-10-14T12:25:00Z
KXCPI,KXCPI-26SEP-T0.8,KXCPI-26SEP,0.025,0.00,0.00,0.0000,2026-10-14T12:25:00Z
KXCPI,KXCPI-26SEP-T0.7,KXCPI-26SEP,0.055,51.00,51.00,0.0000,2026-10-14T12:25:00Z
KXCPI,KXCPI-26SEP-T0.6,KXCPI-26SEP,0.305,63995.36,7073.72,0.0000,2026-10-14T12:25:00Z
KXCPI,KXCPI-26SEP-T-0.4,KXCPI-26SEP,0.995,2553.90,2255.90,0.0000,2026-10-14T12:25:00Z
KXCPI,KXCPI-26SEP-T-0.3,KXCPI-26SEP,0.995,2611.75,2574.75,0.0000,2026-10-14T12:25:00Z
KXCPI,KXCPI-26SEP-T-0.2,KXCPI-26SEP,0.995,5303.95,4708.46,0.0000,2026-10-14T12:25:00Z
KXCPI,KXCPI-26NOV-T0.5,KXCPI-26NOV,0.14,4631.59,696.98,0.0000,2026-12-10T13:25:00Z
KXCPI,KXCPI-26NOV-T0.4,KXCPI-26NOV,0.165,4008.91,879.91,0.0000,2026-12-10T13:25:00Z
KXCPI,KXCPI-26NOV-T0.3,KXCPI-26NOV,0.285,3886.29,1134.80,0.0000,2026-12-10T13:25:00Z
KXCPI,KXCPI-26NOV-T0.2,KXCPI-26NOV,0.49,3081.20,881.20,0.0000,2026-12-10T13:25:00Z
KXCPI,KXCPI-26NOV-T0.1,KXCPI-26NOV,0.64,3882.44,967.44,0.0000,2026-12-10T13:25:00Z
KXCPI,KXCPI-26NOV-T-0.1,KXCPI-26NOV,0.81,3834.01,353.00,0.0000,2026-12-10T13:25:00Z
KXCPI,KXCPI-26NOV-T0.0,KXCPI-26NOV,0.76,2386.83,718.00,0.0000,2026-12-10T13:25:00Z
KXCPI,KXCPI-26OCT-T0.5,KXCPI-26OCT,0.37,4414.22,1051.61,0.0000,2026-11-10T13:25:00Z
KXCPI,KXCPI-26OCT-T0.4,KXCPI-26OCT,0.54,4971.75,1400.66,0.0000,2026-11-10T13:25:00Z
KXCPI,KXCPI-26OCT-T0.3,KXCPI-26OCT,0.7,6394.26,1411.84,0.0000,2026-11-10T13:25:00Z
KXCPI,KXCPI-26OCT-T0.2,KXCPI-26OCT,0.815,2874.74,1243.59,0.0000,2026-11-10T13:25:00Z
KXCPI,KXCPI-26OCT-T0.1,KXCPI-26OCT,0.87,2390.68,1239.27,0.0000,2026-11-10T13:25:00Z
KXCPI,KXCPI-26OCT-T-0.1,KXCPI-26OCT,0.945,3284.76,696.72,0.0000,2026-11-10T13:25:00Z
KXCPI,KXCPI-26OCT-T0.0,KXCPI-26OCT,0.945,2141.60,971.00,0.0000,2026-11-10T13:25:00Z
KXCPI,KXCPI-26SEP-T0.5,KXCPI-26SEP,0.665,26776.55,16395.41,0.0000,2026-10-14T12:25:00Z
KXCPI,KXCPI-26SEP-T0.4,KXCPI-26SEP,0.925,22583.19,11012.31,0.0000,2026-10-14T12:25:00Z
KXCPI,KXCPI-26SEP-T0.3,KXCPI-26SEP,0.985,7645.48,2519.48,0.0000,2026-10-14T12:25:00Z
KXCPI,KXCPI-26SEP-T0.2,KXCPI-26SEP,0.985,8415.65,5255.81,0.0000,2026-10-14T12:25:00Z
KXCPI,KXCPI-26SEP-T0.1,KXCPI-26SEP,0.985,6564.70,3063.52,0.0000,2026-10-14T12:25:00Z
KXCPI,KXCPI-26SEP-T-0.1,KXCPI-26SEP,0.995,4763.57,2831.97,0.0000,2026-10-14T12:25:00Z
KXCPI,KXCPI-26SEP-T0.0,KXCPI-26SEP,0.985,5228.82,1895.35,0.0000,2026-10-14T12:25:00Z
KXCPICORE,KXCPICORE-26NOV-T1.0,KXCPICORE-26NOV,0.02,351.02,203.00,0.0000,2026-12-10T13:25:00Z
KXCPICORE,KXCPICORE-26NOV-T0.9,KXCPICORE-26NOV,0.035,671.02,334.00,0.0000,2026-12-10T13:25:00Z
KXCPICORE,KXCPICORE-26NOV-T0.8,KXCPICORE-26NOV,0.045,249.02,200.01,0.0000,2026-12-10T13:25:00Z
KXCPICORE,KXCPICORE-26NOV-T0.7,KXCPICORE-26NOV,0.045,156.02,82.00,0.0000,2026-12-10T13:25:00Z
KXCPICORE,KXCPICORE-26NOV-T0.6,KXCPICORE-26NOV,0.045,289.99,235.00,0.0000,2026-12-10T13:25:00Z
KXCPICORE,KXCPICORE-26NOV-T0.5,KXCPICORE-26NOV,0.055,840.01,377.02,0.0000,2026-12-10T13:25:00Z
KXCPICORE,KXCPICORE-26NOV-T0.4,KXCPICORE-26NOV,0.095,861.98,575.99,0.0000,2026-12-10T13:25:00Z
KXCPICORE,KXCPICORE-26NOV-T0.3,KXCPICORE-26NOV,0.275,173.72,143.72,0.0000,2026-12-10T13:25:00Z
KXCPICORE,KXCPICORE-26NOV-T0.2,KXCPICORE-26NOV,0.575,1361.05,1015.04,0.0000,2026-12-10T13:25:00Z
KXCPICORE,KXCPICORE-26NOV-T0.1,KXCPICORE-26NOV,0.89,404.05,59.00,0.0000,2026-12-10T13:25:00Z
KXCPICORE,KXCPICORE-26NOV-T0.0,KXCPICORE-26NOV,0.965,68.02,24.00,0.0000,2026-12-10T13:25:00Z
KXCPICORE,KXCPICORE-26OCT-T1.0,KXCPICORE-26OCT,0.01,11194.02,1219.01,0.0000,2026-11-10T13:25:00Z
KXCPICORE,KXCPICORE-26OCT-T0.9,KXCPICORE-26OCT,0.01,4028.00,4007.00,0.0000,2026-11-10T13:25:00Z
KXCPICORE,KXCPICORE-26OCT-T0.8,KXCPICORE-26OCT,0.01,5288.00,4275.00,0.0000,2026-11-10T13:25:00Z
KXCPICORE,KXCPICORE-26OCT-T0.7,KXCPICORE-26OCT,0.01,41551.00,4309.00,0.0000,2026-11-10T13:25:00Z
KXCPICORE,KXCPICORE-26OCT-T0.6,KXCPICORE-26OCT,0.015,2360.08,1904.02,0.0000,2026-11-10T13:25:00Z
KXCPICORE,KXCPICORE-26OCT-T0.5,KXCPICORE-26OCT,0.015,1804.00,1348.00,0.0000,2026-11-10T13:25:00Z
KXCPICORE,KXCPICORE-26OCT-T0.4,KXCPICORE-26OCT,0.04,3653.00,3142.00,0.0000,2026-11-10T13:25:00Z
KXCPICORE,KXCPICORE-26OCT-T0.3,KXCPICORE-26OCT,0.12,1703.62,1108.49,0.0000,2026-11-10T13:25:00Z
KXCPICORE,KXCPICORE-26OCT-T0.2,KXCPICORE-26OCT,0.28,1101.93,682.89,0.0000,2026-11-10T13:25:00Z
KXCPICORE,KXCPICORE-26OCT-T0.1,KXCPICORE-26OCT,0.84,238.03,183.01,0.0000,2026-11-10T13:25:00Z
KXCPICORE,KXCPICORE-26OCT-T0.0,KXCPICORE-26OCT,0.935,364.01,153.99,0.0000,2026-11-10T13:25:00Z
KXCPICORE,KXCPICORE-26SEP-T1.0,KXCPICORE-26SEP,0.01,43.00,25.00,0.0000,2026-10-14T12:25:00Z
KXCPICORE,KXCPICORE-26SEP-T0.9,KXCPICORE-26SEP,0.01,43.00,25.00,0.0000,2026-10-14T12:25:00Z
KXCPICORE,KXCPICORE-26SEP-T0.8,KXCPICORE-26SEP,0.02,73.00,55.00,0.0000,2026-10-14T12:25:00Z
KXCPICORE,KXCPICORE-26SEP-T0.7,KXCPICORE-26SEP,0.015,102.00,50.00,0.0000,2026-10-14T12:25:00Z
KXCPICORE,KXCPICORE-26SEP-T0.6,KXCPICORE-26SEP,0.015,252.53,214.53,0.0000,2026-10-14T12:25:00Z
KXCPICORE,KXCPICORE-26SEP-T0.5,KXCPICORE-26SEP,0.025,43.00,14.00,0.0000,2026-10-14T12:25:00Z
KXCPICORE,KXCPICORE-26SEP-T0.4,KXCPICORE-26SEP,0.045,455.00,207.00,0.0000,2026-10-14T12:25:00Z
KXCPICORE,KXCPICORE-26SEP-T0.3,KXCPICORE-26SEP,0.105,964.81,888.48,0.0000,2026-10-14T12:25:00Z
KXCPICORE,KXCPICORE-26SEP-T0.2,KXCPICORE-26SEP,0.42,2606.06,1023.03,0.0000,2026-10-14T12:25:00Z
KXCPICORE,KXCPICORE-26SEP-T0.1,KXCPICORE-26SEP,0.905,2127.44,615.01,0.0000,2026-10-14T12:25:00Z
KXCPICORE,KXCPICORE-26SEP-T0.0,KXCPICORE-26SEP,0.985,1336.01,991.45,0.0000,2026-10-14T12:25:00Z
KXNBA,KXNBA-27-WAS,KXNBA-27,0.01,889787.78,847179.78,0.0000,2029-07-30T14:00:00Z
KXNBA,KXNBA-27-UTA,KXNBA-27,0.01,660446.30,647876.36,0.0000,2029-07-30T14:00:00Z
KXNBA,KXNBA-27-TOR,KXNBA-27,0.025,892267.89,659815.86,0.0000,2029-07-30T14:00:00Z
KXNBA,KXNBA-27-SAS,KXNBA-27,0.215,693136.26,451387.92,0.0000,2029-07-30T14:00:00Z
KXNBA,KXNBA-27-SAC,KXNBA-27,0.01,99960.59,99960.59,0.0000,2029-07-30T14:00:00Z
KXNBA,KXNBA-27-POR,KXNBA-27,0.01,913513.94,771077.95,0.0000,2029-07-30T14:00:00Z
KXNBA,KXNBA-27-PHX,KXNBA-27,0.01,72613.63,72591.63,0.0000,2029-07-30T14:00:00Z
KXNBA,KXNBA-27-PHI,KXNBA-27,0.095,7921469.68,5249739.21,0.0000,2029-07-30T14:00:00Z
KXNBA,KXNBA-27-ORL,KXNBA-27,0.015,1261946.80,864698.79,0.0000,2029-07-30T14:00:00Z
KXNBA,KXNBA-27-OKC,KXNBA-27,0.215,652667.68,511633.75,0.0000,2029-07-30T14:00:00Z
KXNBA,KXNBA-27-NYK,KXNBA-27,0.075,1038384.69,823824.99,0.0000,2029-07-30T14:00:00Z
KXNBA,KXNBA-27-NOP,KXNBA-27,0.01,8440.66,8420.66,0.0000,2029-07-30T14:00:00Z
KXNBA,KXNBA-27-MIN,KXNBA-27,0.045,1866597.31,1342782.76,0.0000,2029-07-30T14:00:00Z
KXNBA,KXNBA-27-MIL,KXNBA-27,0.01,36648.25,36123.41,0.0000,2029-07-30T14:00:00Z
KXNBA,KXNBA-27-MIA,KXNBA-27,0.045,2596562.47,1747427.90,0.0000,2029-07-30T14:00:00Z
KXNBA,KXNBA-27-MEM,KXNBA-27,0.01,1099117.33,1098574.31,0.0000,2029-07-30T14:00:00Z
KXNBA,KXNBA-27-LAL,KXNBA-27,0.025,1850306.47,1706051.28,0.0000,2029-07-30T14:00:00Z
KXNBA,KXNBA-27-LAC,KXNBA-27,0.01,100712.46,100594.52,0.0000,2029-07-30T14:00:00Z
KXNBA,KXNBA-27-IND,KXNBA-27,0.015,702539.30,590456.12,0.0000,2029-07-30T14:00:00Z
KXNBA,KXNBA-27-HOU,KXNBA-27,0.015,268442.10,263163.10,0.0000,2029-07-30T14:00:00Z
KXNBA,KXNBA-27-GSW,KXNBA-27,0.015,1806797.21,963485.01,0.0000,2029-07-30T14:00:00Z
KXNBA,KXNBA-27-DET,KXNBA-27,0.015,288106.11,266214.35,0.0000,2029-07-30T14:00:00Z
KXNBA,KXNBA-27-DEN,KXNBA-27,0.025,510023.50,484918.44,0.0000,2029-07-30T14:00:00Z
KXNBA,KXNBA-27-DAL,KXNBA-27,0.01,441242.25,441165.30,0.0000,2029-07-30T14:00:00Z
KXNBA,KXNBA-27-CLE,KXNBA-27,0.025,948071.38,696724.60,0.0000,2029-07-30T14:00:00Z
KXNBA,KXNBA-27-CHI,KXNBA-27,0.01,45332.63,45332.63,0.0000,2029-07-30T14:00:00Z
KXNBA,KXNBA-27-CHA,KXNBA-27,0.01,190275.92,179023.51,0.0000,2029-07-30T14:00:00Z
KXNBA,KXNBA-27-BOS,KXNBA-27,0.045,509378.13,446173.02,0.0000,2029-07-30T14:00:00Z
KXNBA,KXNBA-27-BKN,KXNBA-27,0.01,14563.87,14561.87,0.0000,2029-07-30T14:00:00Z
KXNBA,KXNBA-27-ATL,KXNBA-27,0.01,294158.07,281103.99,0.0000,2029-07-30T14:00:00Z
KXSB,KXSB-27-WAS,KXSB-27,0.015,2709165.36,2587218.10,0.0000,2029-02-13T23:30:00Z
KXSB,KXSB-27-TEN,KXSB-27,0.01,476795.75,476643.75,0.0000,2029-02-13T23:30:00Z
KXSB,KXSB-27-TB,KXSB-27,0.015,1428513.19,1394843.29,0.0000,2029-02-13T23:30:00Z
KXSB,KXSB-27-SF,KXSB-27,0.075,6689129.04,5277105.28,0.0000,2029-02-13T23:30:00Z
KXSB,KXSB-27-SEA,KXSB-27,0.065,5151142.32,4021373.53,0.0000,2029-02-13T23:30:00Z
KXSB,KXSB-27-PIT,KXSB-27,0.015,2938074.77,2577479.74,0.0000,2029-02-13T23:30:00Z
KXSB,KXSB-27-PHI,KXSB-27,0.045,3015402.05,2673826.63,0.0000,2029-02-13T23:30:00Z
KXSB,KXSB-27-NYJ,KXSB-27,0.01,580687.85,580684.85,0.0000,2029-02-13T23:30:00Z
KXSB,KXSB-27-NYG,KXSB-27,0.025,5114744.96,4661533.27,0.0000,2029-02-13T23:30:00Z
KXSB,KXSB-27-NO,KXSB-27,0.01,3140152.01,3132956.70,0.0000,2029-02-13T23:30:00Z
KXSB,KXSB-27-NE,KXSB-27,0.035,2726875.21,2024930.84,0.0000,2029-02-13T23:30:00Z
KXSB,KXSB-27-MIN,KXSB-27,0.025,4432048.67,3616036.34,0.0000,2029-02-13T23:30:00Z
KXSB,KXSB-27-MIA,KXSB-27,0.01,1673816.17,1671877.17,0.0000,2029-02-13T23:30:00Z
KXSB,KXSB-27-LV,KXSB-27,0.01,3684040.57,3603360.69,0.0000,2029-02-13T23:30:00Z
KXSB,KXSB-27-LAR,KXSB-27,0.125,8581112.87,6137616.61,0.0000,2029-02-13T23:30:00Z
KXSB,KXSB-27-LAC,KXSB-27,0.035,2948672.01,2493147.28,0.0000,2029-02-13T23:30:00Z
KXSB,KXSB-27-KC,KXSB-27,0.065,4234507.94,3811954.65,0.0000,2029-02-13T23:30:00Z
KXSB,KXSB-27-JAC,KXSB-27,0.035,2942809.81,2685534.61,0.0000,2029-02-13T23:30:00Z
KXSB,KXSB-27-IND,KXSB-27,0.01,874160.39,800324.40,0.0000,2029-02-13T23:30:00Z
KXSB,KXSB-27-HOU,KXSB-27,0.035,4680912.25,3350431.22,0.0000,2029-02-13T23:30:00Z
KXSB,KXSB-27-GB,KXSB-27,0.025,2766718.93,2289128.86,0.0000,2029-02-13T23:30:00Z
KXSB,KXSB-27-DET,KXSB-27,0.035,2812797.04,2424465.15,0.0000,2029-02-13T23:30:00Z
KXSB,KXSB-27-DEN,KXSB-27,0.035,5757138.73,4748692.82,0.0000,2029-02-13T23:30:00Z
KXSB,KXSB-27-DAL,KXSB-27,0.035,8263320.24,6235524.06,0.0000,2029-02-13T23:30:00Z
KXSB,KXSB-27-CLE,KXSB-27,0.01,571520.63,571496.63,0.0000,2029-02-13T23:30:00Z
KXSB,KXSB-27-CIN,KXSB-27,0.045,6304050.76,5197245.52,0.0000,2029-02-13T23:30:00Z
KXSB,KXSB-27-CHI,KXSB-27,0.045,5705697.75,4887025.36,0.0000,2029-02-13T23:30:00Z
KXSB,KXSB-27-CAR,KXSB-27,0.01,1950209.67,1949636.67,0.0000,2029-02-13T23:30:00Z
KXSB,KXSB-27-BUF,KXSB-27,0.095,6160486.42,4247950.59,0.0000,2029-02-13T23:30:00Z
KXSB,KXSB-27-BAL,KXSB-27,0.075,4335007.26,3633782.63,0.0000,2029-02-13T23:30:00Z
KXSB,KXSB-27-ATL,KXSB-27,0.01,619326.31,571822.05,0.0000,2029-02-13T23:30:00Z
KXSB,KXSB-27-ARI,KXSB-27,0.01,488515.66,488416.66,0.0000,2029-02-13T23:30:00Z
