event_id,cell,window_days,event_type,market_kind,n_pairs,tier,abn_event,abn_event_logodds,t50_event
aaron_donald_comeback,unsched_sports,1,unscheduled_sports,sports_future,32,S1,0.0006374999999999996,0.020888578414665585,11.0
aaron_donald_comeback,unsched_sports,3,unscheduled_sports,sports_future,32,S1,0.00048124999999999964,0.008059565600143356,11.0
aaron_donald_comeback,unsched_sports,5,unscheduled_sports,sports_future,32,S1,0.00079375,0.012693731393217264,11.0
aj_brown_to_patriots,unsched_sports,1,unscheduled_sports,sports_future,32,S1,0.0006124999999999997,-0.026585181722424064,7.666666666666667
aj_brown_to_patriots,unsched_sports,3,unscheduled_sports,sports_future,32,S1,0.0002999999999999994,-0.028910971081413203,7.666666666666667
aj_brown_to_patriots,unsched_sports,5,unscheduled_sports,sports_future,32,S1,0.0002999999999999994,-0.028910971081413203,7.666666666666667
brian_oneill_extension,unsched_sports,1,unscheduled_sports,sports_future,32,S1,2.4999999999999578e-05,-0.004376935561915762,13.6
brian_oneill_extension,unsched_sports,3,unscheduled_sports,sports_future,32,S1,2.4999999999999578e-05,-0.004376935561915762,13.6
brian_oneill_extension,unsched_sports,5,unscheduled_sports,sports_future,32,S1,2.4999999999999578e-05,-0.004376935561915762,13.6
canada_proclamations,unsched_macro,1,unscheduled_macro,macro_bucket,28,M3,0.02349937524833109,0.16611854231027084,4.0
canada_proclamations,unsched_macro,3,unscheduled_macro,macro_bucket,49,M3,0.017533007073168728,0.1829181083974051,28.0
canada_proclamations,unsched_macro,5,unscheduled_macro,macro_bucket,52,M3,0.030233112621452795,0.18336416118640633,52.0
dlo_six_team_trade,unsched_sports,1,unscheduled_sports,sports_future,30,S1,-0.004222222222222223,0.026076221398435108,3.1166666666666667
dlo_six_team_trade,unsched_sports,3,unscheduled_sports,sports_future,30,S1,-0.0039679487179487185,0.00046620188665268656,3.1166666666666667
dlo_six_team_trade,unsched_sports,5,unscheduled_sports,sports_future,30,S1,-0.004160256410256411,0.001527267088445297,3.1166666666666667
donovan_mitchell_extension,unsched_sports,1,unscheduled_sports,sports_future,30,S1,-0.004222222222222223,0.026076221398435108,17.983333333333334
donovan_mitchell_extension,unsched_sports,3,unscheduled_sports,sports_future,30,S1,-0.0039679487179487185,0.00046620188665268656,17.983333333333334
donovan_mitchell_extension,unsched_sports,5,unscheduled_sports,sports_future,30,S1,-0.004160256410256411,0.001527267088445297,17.983333333333334
fomc_sep_hike,sched_macro,1,scheduled_macro,macro_bucket,82,M3,0.08788335595731947,0.6538691173281215,10.0
fomc_sep_hike,sched_macro,3,scheduled_macro,macro_bucket,82,M3,0.09225044456491441,0.7022855862382718,10.0
fomc_sep_hike,sched_macro,5,scheduled_macro,macro_bucket,82,M3,0.0945228861619005,0.7293244403594664,10.0
hormuz_retaliation_threat,unsched_macro,1,unscheduled_macro,macro_bucket,83,M3,0.023474028680639667,0.18374140369175587,14.116666666666667
hormuz_retaliation_threat,unsched_macro,3,unscheduled_macro,macro_bucket,131,M3,0.01663055792322747,0.15850058860938676,38.11666666666667
hormuz_retaliation_threat,unsched_macro,5,unscheduled_macro,macro_bucket,135,M3,0.03895943516505322,0.2993100738729903,38.11666666666667
hormuz_strike_pipeline_shutdown,unsched_macro,1,unscheduled_macro,macro_bucket,127,M3,0.01569454945759466,0.14016793386013798,4.0
hormuz_strike_pipeline_shutdown,unsched_macro,3,unscheduled_macro,macro_bucket,135,M3,0.03762272168281558,0.289821645055187,4.0
hormuz_strike_pipeline_shutdown,unsched_macro,5,unscheduled_macro,macro_bucket,136,M3,0.04408354607533409,0.34431987749615,28.0
jaylen_brown_to_76ers,unsched_sports,1,unscheduled_sports,sports_future,30,S1,0.0006089743589743576,0.12458196176295101,5.666666666666667
jaylen_brown_to_76ers,unsched_sports,3,unscheduled_sports,sports_future,30,S1,0.00020833333333333318,0.09441299759347281,5.666666666666667
jaylen_brown_to_76ers,unsched_sports,5,unscheduled_sports,sports_future,30,S1,0.00038690476190476143,0.09788113398758543,5.666666666666667
jordan_walsh_extension,unsched_sports,1,unscheduled_sports,sports_future,30,S1,-0.0029361111111111107,-0.07393043930469394,15.55
jordan_walsh_extension,unsched_sports,3,unscheduled_sports,sports_future,30,S1,-0.004761494252873563,-0.19936846441596662,15.55
jordan_walsh_extension,unsched_sports,5,unscheduled_sports,sports_future,30,S1,-0.004733974358974357,-0.18807715988370888,15.55
kawhi_to_raptors,unsched_sports,1,unscheduled_sports,sports_future,30,S1,-0.0007879227053140116,0.016020291683710046,9.066666666666666
kawhi_to_raptors,unsched_sports,3,unscheduled_sports,sports_future,30,S1,-0.0018409420289855081,-0.02665552482394597,9.066666666666666
kawhi_to_raptors,unsched_sports,5,unscheduled_sports,sports_future,30,S1,-0.0013896480331262967,-0.02426131244317214,9.066666666666666
lebron_to_76ers,unsched_sports,1,unscheduled_sports,sports_future,30,S1,-0.0044425,-0.18062904617856645,7.433333333333334
lebron_to_76ers,unsched_sports,3,unscheduled_sports,sports_future,30,S1,-0.004195370370370371,-0.18689184441359383,7.433333333333334
lebron_to_76ers,unsched_sports,5,unscheduled_sports,sports_future,30,S1,-0.004595689655172414,-0.18336425356818448,7.433333333333334
mike_conley_to_celtics,unsched_sports,1,unscheduled_sports,sports_future,30,S1,0.0006089743589743576,0.12458196176295101,13.033333333333333
mike_conley_to_celtics,unsched_sports,3,unscheduled_sports,sports_future,30,S1,0.00020833333333333318,0.09441299759347281,13.033333333333333
mike_conley_to_celtics,unsched_sports,5,unscheduled_sports,sports_future,30,S1,0.00038690476190476143,0.09788113398758543,13.033333333333333
mitchell_robinson_to_celtics,unsched_sports,1,unscheduled_sports,sports_future,30,S1,0.0006089743589743576,0.12458196176295101,12.35
mitchell_robinson_to_celtics,unsched_sports,3,unscheduled_sports,sports_future,30,S1,0.00020833333333333318,0.09441299759347281,12.35
mitchell_robinson_to_celtics,unsched_sports,5,unscheduled_sports,sports_future,30,S1,0.00038690476190476143,0.09788113398758543,12.35
myles_garrett_to_rams,unsched_sports,1,unscheduled_sports,sports_future,32,S1,0.0006124999999999997,-0.026585181722424064,10.683333333333334
myles_garrett_to_rams,unsched_sports,3,unscheduled_sports,sports_future,32,S1,0.0002999999999999994,-0.028910971081413203,10.683333333333334
myles_garrett_to_rams,unsched_sports,5,unscheduled_sports,sports_future,32,S1,0.0002999999999999994,-0.028910971081413203,10.683333333333334
nba_schedule_release,sched_sports,1,scheduled_sports,sports_future,30,S1,-0.0011435606060606054,-0.11092204715753545,8.866666666666667
nba_schedule_release,sched_sports,3,scheduled_sports,sports_future,30,S1,-0.0017363181504485847,-0.13861844559959263,8.866666666666667
nba_schedule_release,sched_sports,5,scheduled_sports,sports_future,30,S1,-0.0020526515151515147,-0.13173915126035945,8.866666666666667
neemias_queta_extension,unsched_sports,1,unscheduled_sports,sports_future,30,S1,0.0005635435992578837,0.09992313004975084,14.116666666666667
neemias_queta_extension,unsched_sports,3,unscheduled_sports,sports_future,30,S1,0.0007421150278293115,0.10339126644386344,14.116666666666667
neemias_queta_extension,unsched_sports,5,unscheduled_sports,sports_future,30,S1,-0.004266528925619837,0.06017658817303471,14.116666666666667
nfl_kickoff,sched_sports,1,scheduled_sports,sports_future,32,S1,0.0005374999999999976,0.004990580819524304,3.6666666666666665
nfl_kickoff,sched_sports,3,scheduled_sports,sports_future,32,S1,0.00022499999999999853,0.024870241580033627,3.6666666666666665
nfl_kickoff,sched_sports,5,scheduled_sports,sports_future,32,S1,0.00022499999999999864,0.015765891484047112,99.66666666666667
nvda_earnings,unsched_macro,1,unscheduled_macro,macro_bucket,90,M?,-0.005613402746981751,0.05101057512304181,4.0
nvda_earnings,unsched_macro,3,unscheduled_macro,macro_bucket,117,M?,-0.0036638537978457442,0.038823587557247505,4.0
nvda_earnings,unsched_macro,5,unscheduled_macro,macro_bucket,118,M?,0.009407181628802469,0.14531996697507654,28.0
perim_island_seized,unsched_macro,1,unscheduled_macro,macro_bucket,133,M3,0.02578543879476618,0.23606421625481583,4.0
perim_island_seized,unsched_macro,3,unscheduled_macro,macro_bucket,136,M3,0.04249234042434262,0.33187224338125787,4.0
perim_island_seized,unsched_macro,5,unscheduled_macro,macro_bucket,138,M3,0.05186344958169966,0.5020542850478215,28.0
russia_sanctions_bill,unsched_macro,1,unscheduled_macro,macro_bucket,105,M?,0.06244814044913771,0.5655330456720192,4.0
russia_sanctions_bill,unsched_macro,3,unscheduled_macro,macro_bucket,118,M?,0.09101934903428271,0.8320768042115065,28.0
russia_sanctions_bill,unsched_macro,5,unscheduled_macro,macro_bucket,118,M?,0.08146688718370625,0.7719126335446503,28.0
tariff_eu_threat,unsched_macro,1,unscheduled_macro,macro_bucket,105,M?,0.06244814044913771,0.5655330456720192,4.0
tariff_eu_threat,unsched_macro,3,unscheduled_macro,macro_bucket,118,M?,0.09101934903428271,0.8320768042115065,28.0
tariff_eu_threat,unsched_macro,5,unscheduled_macro,macro_bucket,118,M?,0.08146688718370625,0.7719126335446503,28.0
trump_truth_fed,unsched_macro,1,unscheduled_macro,macro_bucket,69,M?,0.059444013553936824,0.4410784066324153,4.0
trump_truth_fed,unsched_macro,3,unscheduled_macro,macro_bucket,82,M?,0.09340283334918348,0.7124919405341996,28.0
trump_truth_fed,unsched_macro,5,unscheduled_macro,macro_bucket,82,M?,0.0958823568536602,0.7462320512180682,28.0
von_miller_to_cowboys,unsched_sports,1,unscheduled_sports,sports_future,32,S1,0.00039999999999999996,0.0032224891997428423,2.8333333333333335
von_miller_to_cowboys,unsched_sports,3,unscheduled_sports,sports_future,32,S1,-6.874999999999958e-05,-0.0027944851867294784,2.8333333333333335
von_miller_to_cowboys,unsched_sports,5,unscheduled_sports,sports_future,32,S1,0.00041290322580645155,0.003326440464250676,2.8333333333333335
