event_id,cell,window_days,baseline_rule,event_type,market_kind,n_pairs,tier,abn_event,abn_event_logodds,t50_event
aaron_donald_comeback,unsched_sports,1,strict,unscheduled_sports,sports_future,32,S1,0.0006374999999999996,0.020888578414665585,11.0
aaron_donald_comeback,unsched_sports,3,strict,unscheduled_sports,sports_future,32,S1,0.00048124999999999964,0.008059565600143356,11.0
aaron_donald_comeback,unsched_sports,5,strict,unscheduled_sports,sports_future,32,S1,0.00079375,0.012693731393217264,11.0
aj_brown_to_patriots,unsched_sports,1,strict,unscheduled_sports,sports_future,32,S1,0.0006124999999999997,-0.026585181722424064,7.666666666666667
aj_brown_to_patriots,unsched_sports,3,strict,unscheduled_sports,sports_future,32,S1,0.0002999999999999994,-0.028910971081413203,7.666666666666667
aj_brown_to_patriots,unsched_sports,5,strict,unscheduled_sports,sports_future,32,S1,0.0002999999999999994,-0.028910971081413203,7.666666666666667
brian_oneill_extension,unsched_sports,1,strict,unscheduled_sports,sports_future,32,S1,2.4999999999999578e-05,-0.004376935561915762,13.6
brian_oneill_extension,unsched_sports,3,strict,unscheduled_sports,sports_future,32,S1,2.4999999999999578e-05,-0.004376935561915762,13.6
brian_oneill_extension,unsched_sports,5,strict,unscheduled_sports,sports_future,32,S1,2.4999999999999578e-05,-0.004376935561915762,13.6
canada_proclamations,unsched_macro,1,strict,unscheduled_macro,macro_bucket,29,M3,0.02079250023976795,0.1509071367233398,4.0
canada_proclamations,unsched_macro,3,strict,unscheduled_macro,macro_bucket,53,M3,0.014597986376304696,0.16480519772299718,28.0
canada_proclamations,unsched_macro,5,strict,unscheduled_macro,macro_bucket,57,M3,0.022338941973444458,0.143292324897224,52.0
dlo_six_team_trade,unsched_sports,1,strict,unscheduled_sports,sports_future,30,S1,-0.004222222222222223,0.026076221398435108,3.1166666666666667
dlo_six_team_trade,unsched_sports,3,strict,unscheduled_sports,sports_future,30,S1,-0.0039679487179487185,0.00046620188665268656,3.1166666666666667
dlo_six_team_trade,unsched_sports,5,strict,unscheduled_sports,sports_future,30,S1,-0.004160256410256411,0.001527267088445297,3.1166666666666667
donovan_mitchell_extension,unsched_sports,1,strict,unscheduled_sports,sports_future,30,S1,-0.004222222222222223,0.026076221398435108,17.983333333333334
donovan_mitchell_extension,unsched_sports,3,strict,unscheduled_sports,sports_future,30,S1,-0.0039679487179487185,0.00046620188665268656,17.983333333333334
donovan_mitchell_extension,unsched_sports,5,strict,unscheduled_sports,sports_future,30,S1,-0.004160256410256411,0.001527267088445297,17.983333333333334
fomc_sep_hike,sched_macro,1,strict,scheduled_macro,macro_bucket,80,M3,0.08819285550663952,0.6682316511668079,10.0
fomc_sep_hike,sched_macro,3,strict,scheduled_macro,macro_bucket,80,M3,0.09255994411423447,0.7166481200769582,10.0
fomc_sep_hike,sched_macro,5,strict,scheduled_macro,macro_bucket,80,M3,0.09481498613279304,0.7423393957456451,10.0
giannis_to_heat,unsched_sports,1,thin_d16,unscheduled_sports,sports_future,26,S1,-0.003666666666666667,-0.103750290219973,0.16666666666666666
giannis_to_heat,unsched_sports,3,thin_d16,unscheduled_sports,sports_future,26,S1,-0.005833333333333334,-0.1730728648751395,0.16666666666666666
giannis_to_heat,unsched_sports,5,thin_d16,unscheduled_sports,sports_future,26,S1,-0.006410256410256411,-0.16277817590268978,0.16666666666666666
hormuz_retaliation_threat,unsched_macro,1,strict,unscheduled_macro,macro_bucket,84,M3,0.02252855845557172,0.17821425160256932,14.116666666666667
hormuz_retaliation_threat,unsched_macro,3,strict,unscheduled_macro,macro_bucket,133,M3,0.01557939301048724,0.1580679015472745,38.11666666666667
hormuz_retaliation_threat,unsched_macro,5,strict,unscheduled_macro,macro_bucket,138,M3,0.03588692839618634,0.28190732850748956,38.11666666666667
hormuz_strike_pipeline_shutdown,unsched_macro,1,strict,unscheduled_macro,macro_bucket,128,M3,0.01574454945759466,0.1441352894878223,4.0
hormuz_strike_pipeline_shutdown,unsched_macro,3,strict,unscheduled_macro,macro_bucket,136,M3,0.03762272168281558,0.289821645055187,4.0
hormuz_strike_pipeline_shutdown,unsched_macro,5,strict,unscheduled_macro,macro_bucket,137,M3,0.04408354607533409,0.34431987749615,28.0
jaylen_brown_to_76ers,unsched_sports,1,strict,unscheduled_sports,sports_future,30,S1,0.0006089743589743576,0.12458196176295101,5.666666666666667
jaylen_brown_to_76ers,unsched_sports,3,strict,unscheduled_sports,sports_future,30,S1,0.00020833333333333318,0.09441299759347281,5.666666666666667
jaylen_brown_to_76ers,unsched_sports,5,strict,unscheduled_sports,sports_future,30,S1,0.00038690476190476143,0.09788113398758543,5.666666666666667
jordan_walsh_extension,unsched_sports,1,strict,unscheduled_sports,sports_future,30,S1,-0.0029361111111111107,-0.07393043930469394,15.55
jordan_walsh_extension,unsched_sports,3,strict,unscheduled_sports,sports_future,30,S1,-0.004761494252873563,-0.19936846441596662,15.55
jordan_walsh_extension,unsched_sports,5,strict,unscheduled_sports,sports_future,30,S1,-0.004733974358974357,-0.18807715988370888,15.55
kawhi_to_raptors,unsched_sports,1,strict,unscheduled_sports,sports_future,29,S1,-0.0007879227053140116,0.016020291683710046,9.066666666666666
kawhi_to_raptors,unsched_sports,3,strict,unscheduled_sports,sports_future,29,S1,-0.0018409420289855081,-0.02665552482394597,9.066666666666666
kawhi_to_raptors,unsched_sports,5,strict,unscheduled_sports,sports_future,29,S1,-0.0013896480331262967,-0.02426131244317214,9.066666666666666
lebron_to_76ers,unsched_sports,1,strict,unscheduled_sports,sports_future,30,S1,-0.0044425,-0.18062904617856645,7.433333333333334
lebron_to_76ers,unsched_sports,3,strict,unscheduled_sports,sports_future,30,S1,-0.004195370370370371,-0.18689184441359383,7.433333333333334
lebron_to_76ers,unsched_sports,5,strict,unscheduled_sports,sports_future,30,S1,-0.004595689655172414,-0.18336425356818448,7.433333333333334
mike_conley_to_celtics,unsched_sports,1,strict,unscheduled_sports,sports_future,30,S1,0.0006089743589743576,0.12458196176295101,13.033333333333333
mike_conley_to_celtics,unsched_sports,3,strict,unscheduled_sports,sports_future,30,S1,0.00020833333333333318,0.09441299759347281,13.033333333333333
mike_conley_to_celtics,unsched_sports,5,strict,unscheduled_sports,sports_future,30,S1,0.00038690476190476143,0.09788113398758543,13.033333333333333
mitchell_robinson_to_celtics,unsched_sports,1,strict,unscheduled_sports,sports_future,30,S1,0.0006089743589743576,0.12458196176295101,12.35
mitchell_robinson_to_celtics,unsched_sports,3,strict,unscheduled_sports,sports_future,30,S1,0.00020833333333333318,0.09441299759347281,12.35
mitchell_robinson_to_celtics,unsched_sports,5,strict,unscheduled_sports,sports_future,30,S1,0.00038690476190476143,0.09788113398758543,12.35
myles_garrett_to_rams,unsched_sports,1,strict,unscheduled_sports,sports_future,32,S1,0.0006124999999999997,-0.026585181722424064,10.683333333333334
myles_garrett_to_rams,unsched_sports,3,strict,unscheduled_sports,sports_future,32,S1,0.0002999999999999994,-0.028910971081413203,10.683333333333334
myles_garrett_to_rams,unsched_sports,5,strict,unscheduled_sports,sports_future,32,S1,0.0002999999999999994,-0.028910971081413203,10.683333333333334
nba_schedule_release,sched_sports,1,strict,scheduled_sports,sports_future,30,S1,-0.0011435606060606054,-0.11092204715753545,8.866666666666667
nba_schedule_release,sched_sports,3,strict,scheduled_sports,sports_future,30,S1,-0.0017363181504485847,-0.13861844559959263,8.866666666666667
nba_schedule_release,sched_sports,5,strict,scheduled_sports,sports_future,30,S1,-0.0020526515151515147,-0.13173915126035945,8.866666666666667
neemias_queta_extension,unsched_sports,1,strict,unscheduled_sports,sports_future,30,S1,0.0005635435992578837,0.09992313004975084,14.116666666666667
neemias_queta_extension,unsched_sports,3,strict,unscheduled_sports,sports_future,30,S1,0.0007421150278293115,0.10339126644386344,14.116666666666667
neemias_queta_extension,unsched_sports,5,strict,unscheduled_sports,sports_future,30,S1,-0.004266528925619837,0.06017658817303471,14.116666666666667
nfl_kickoff,sched_sports,1,strict,scheduled_sports,sports_future,32,S1,0.0005374999999999976,0.004990580819524304,3.6666666666666665
nfl_kickoff,sched_sports,3,strict,scheduled_sports,sports_future,32,S1,0.00022499999999999853,0.024870241580033627,3.6666666666666665
nfl_kickoff,sched_sports,5,strict,scheduled_sports,sports_future,32,S1,0.00022499999999999864,0.015765891484047112,99.66666666666667
nvda_earnings,unsched_macro,1,strict,unscheduled_macro,macro_bucket,91,M?,-0.005613402746981751,0.05101057512304181,4.0
nvda_earnings,unsched_macro,3,strict,unscheduled_macro,macro_bucket,121,M?,-0.0036638537978457442,0.038823587557247505,4.0
nvda_earnings,unsched_macro,5,strict,unscheduled_macro,macro_bucket,122,M?,0.011779270857898719,0.15471089584665776,28.0
perim_island_seized,unsched_macro,1,strict,unscheduled_macro,macro_bucket,134,M3,0.02634318157691841,0.24281585051339002,4.0
perim_island_seized,unsched_macro,3,strict,unscheduled_macro,macro_bucket,137,M3,0.04303155611061713,0.33431840758782966,4.0
perim_island_seized,unsched_macro,5,strict,unscheduled_macro,macro_bucket,139,M3,0.045241008667092096,0.4388149132590812,28.0
russia_sanctions_bill,unsched_macro,1,strict,unscheduled_macro,macro_bucket,106,M?,0.051188685543019426,0.4836960115210651,4.0
russia_sanctions_bill,unsched_macro,3,strict,unscheduled_macro,macro_bucket,119,M?,0.08123791666712497,0.7544464516441062,28.0
russia_sanctions_bill,unsched_macro,5,strict,unscheduled_macro,macro_bucket,119,M?,0.07136712284528982,0.6895167338193697,28.0
tariff_eu_threat,unsched_macro,1,strict,unscheduled_macro,macro_bucket,106,M?,0.051188685543019426,0.4836960115210651,4.0
tariff_eu_threat,unsched_macro,3,strict,unscheduled_macro,macro_bucket,119,M?,0.08123791666712497,0.7544464516441062,28.0
tariff_eu_threat,unsched_macro,5,strict,unscheduled_macro,macro_bucket,119,M?,0.07136712284528982,0.6895167338193697,28.0
trump_truth_fed,unsched_macro,1,strict,unscheduled_macro,macro_bucket,67,M?,0.059518799878723154,0.444701329231273,4.0
trump_truth_fed,unsched_macro,3,strict,unscheduled_macro,macro_bucket,79,M?,0.09467865314995648,0.7257773446039121,28.0
trump_truth_fed,unsched_macro,5,strict,unscheduled_macro,macro_bucket,79,M?,0.0971907135804754,0.7589816878433127,28.0
von_miller_to_cowboys,unsched_sports,1,strict,unscheduled_sports,sports_future,32,S1,0.00039999999999999996,0.0032224891997428423,2.8333333333333335
von_miller_to_cowboys,unsched_sports,3,strict,unscheduled_sports,sports_future,32,S1,-6.874999999999958e-05,-0.0027944851867294784,2.8333333333333335
von_miller_to_cowboys,unsched_sports,5,strict,unscheduled_sports,sports_future,32,S1,0.00041290322580645155,0.003326440464250676,2.8333333333333335
