event_id,ticker,event_type,market_kind,window_days,n_base,baseline_fallback,abnormal_move,abn_logodds,abn_scaled,time_to_50h,avg_spread,n_trades,vol_window,vol_base_daily,d_oi,pre_mid,surprise,moneyness_steps,cell,pair_source
myles_garrett_to_rams,KXFED-26SEP-T5.25,unscheduled_sports,macro_bucket,1,8,False,,,,,0.04,,0.0,0.5714285714285714,0.0,,,,cross_sports_on_macro,primary_pull
myles_garrett_to_rams,KXFED-26SEP-T5.00,unscheduled_sports,macro_bucket,1,9,False,,,,,0.03,,0.0,9.153846153846153,0.0,,,,cross_sports_on_macro,primary_pull
myles_garrett_to_rams,KXCPI-26JUL-T0.5,unscheduled_sports,macro_bucket,1,25,False,-0.13999999999999996,-0.7625756869917082,-0.43749999999999994,10.683333333333334,0.14,,35.38,151.2,0.0,0.19,,,cross_sports_on_macro,primary_pull
myles_garrett_to_rams,KXCPI-26JUL-T0.4,unscheduled_sports,macro_bucket,1,24,False,0.1474999999999999,0.594802097060466,0.3575757575757573,10.683333333333334,0.82,,2.0,43.0,0.0,0.5599999999999999,,,cross_sports_on_macro,primary_pull
aj_brown_to_patriots,KXFED-26SEP-T5.25,unscheduled_sports,macro_bucket,1,8,False,,,,,0.04,,0.0,0.5714285714285714,0.0,,,,cross_sports_on_macro,primary_pull
aj_brown_to_patriots,KXFED-26SEP-T5.00,unscheduled_sports,macro_bucket,1,9,False,,,,,0.03,,0.0,9.153846153846153,0.0,,,,cross_sports_on_macro,primary_pull
aj_brown_to_patriots,KXCPI-26JUL-T0.5,unscheduled_sports,macro_bucket,1,25,False,-0.13999999999999996,-0.7625756869917082,-0.43749999999999994,7.666666666666667,0.14,,35.38,151.2,0.0,0.19,,,cross_sports_on_macro,primary_pull
aj_brown_to_patriots,KXCPI-26JUL-T0.4,unscheduled_sports,macro_bucket,1,24,False,0.1474999999999999,0.594802097060466,0.3575757575757573,7.666666666666667,0.82,,2.0,43.0,0.0,0.5599999999999999,,,cross_sports_on_macro,primary_pull
giannis_to_heat,KXCPI-26AUG-T0.5,unscheduled_sports,macro_bucket,1,22,False,-0.185,-1.1933576562574761,-0.6166666666666667,0.16666666666666666,0.09,,0.0,21.866818181818182,0.0,0.115,,,cross_sports_on_macro,primary_pull
giannis_to_heat,KXCPI-26AUG-T0.4,unscheduled_sports,macro_bucket,1,21,False,-0.22476190476190486,-1.173173101957339,-0.5766646304215028,0.16666666666666666,0.07,,0.0,38.266666666666666,0.0,0.15000000000000002,,,cross_sports_on_macro,primary_pull
jaylen_brown_to_76ers,KXCPI-26AUG-T0.5,unscheduled_sports,macro_bucket,1,24,False,-0.12895833333333334,-0.9830221993536847,-0.5632393084622384,5.666666666666667,0.08000000000000002,,0.0,13.5025,0.0,0.11499999999999999,,,cross_sports_on_macro,primary_pull
jaylen_brown_to_76ers,KXCPI-26AUG-T0.4,unscheduled_sports,macro_bucket,1,19,False,-0.19315789473684208,-1.1836598191079961,-0.6071133167907361,5.666666666666667,0.04999999999999999,,0.0,47.50473684210527,0.0,0.14500000000000002,,,cross_sports_on_macro,primary_pull
mike_conley_to_celtics,KXCPI-26AUG-T0.5,unscheduled_sports,macro_bucket,1,24,False,-0.12895833333333334,-0.9830221993536847,-0.5632393084622384,13.033333333333333,0.08000000000000002,,0.0,13.5025,0.0,0.11499999999999999,,,cross_sports_on_macro,primary_pull
mike_conley_to_celtics,KXCPI-26AUG-T0.4,unscheduled_sports,macro_bucket,1,19,False,-0.19315789473684208,-1.1836598191079961,-0.6071133167907361,13.033333333333333,0.04999999999999999,,0.0,47.50473684210527,0.0,0.14500000000000002,,,cross_sports_on_macro,primary_pull
mitchell_robinson_to_celtics,KXCPI-26AUG-T0.5,unscheduled_sports,macro_bucket,1,24,False,-0.12895833333333334,-0.9830221993536847,-0.5632393084622384,12.35,0.08000000000000002,,0.0,13.5025,0.0,0.11499999999999999,,,cross_sports_on_macro,primary_pull
mitchell_robinson_to_celtics,KXCPI-26AUG-T0.4,unscheduled_sports,macro_bucket,1,19,False,-0.19315789473684208,-1.1836598191079961,-0.6071133167907361,12.35,0.04999999999999999,,0.0,47.50473684210527,0.0,0.14500000000000002,,,cross_sports_on_macro,primary_pull
neemias_queta_extension,KXCPI-26AUG-T0.4,unscheduled_sports,macro_bucket,1,19,False,-0.13289473684210532,-0.7902806846891207,-0.4616087751371116,14.116666666666667,0.07,,0.0,47.45210526315789,0.0,0.155,,,cross_sports_on_macro,primary_pull
donovan_mitchell_extension,KXCPI-26AUG-T0.5,unscheduled_sports,macro_bucket,1,24,False,-0.08000000000000002,-0.7034606396882186,-0.4571428571428572,17.983333333333334,0.07,,15.5,13.294166666666667,0.0,0.095,,,cross_sports_on_macro,primary_pull
donovan_mitchell_extension,KXCPI-26AUG-T0.4,unscheduled_sports,macro_bucket,1,19,False,-0.09342105263157896,-0.6261961919883943,-0.40022547914317924,17.983333333333334,0.1,,0.0,47.66263157894736,0.0,0.14,,,cross_sports_on_macro,primary_pull
dlo_six_team_trade,KXCPI-26AUG-T0.5,unscheduled_sports,macro_bucket,1,24,False,-0.08000000000000002,-0.7034606396882186,-0.4571428571428572,3.1166666666666667,0.07,,15.5,13.294166666666667,0.0,0.095,,,cross_sports_on_macro,primary_pull
dlo_six_team_trade,KXCPI-26AUG-T0.4,unscheduled_sports,macro_bucket,1,19,False,-0.09342105263157896,-0.6261961919883943,-0.40022547914317924,3.1166666666666667,0.1,,0.0,47.66263157894736,0.0,0.14,,,cross_sports_on_macro,primary_pull
jordan_walsh_extension,KXFED-26OCT-T5.25,unscheduled_sports,macro_bucket,1,9,True,,,,,0.02,,0.0,58.666666666666664,0.0,,,,cross_sports_on_macro,primary_pull
jordan_walsh_extension,KXFED-26OCT-T5.00,unscheduled_sports,macro_bucket,1,12,False,,,,,0.02,,0.0,17.125,0.0,,,,cross_sports_on_macro,primary_pull
jordan_walsh_extension,KXCPI-26OCT-T0.5,unscheduled_sports,macro_bucket,1,14,False,,,,,0.99,,0.0,2.8125,0.0,,,,cross_sports_on_macro,rescue_next_far_expiry
jordan_walsh_extension,KXCPI-26OCT-T0.4,unscheduled_sports,macro_bucket,1,9,False,,,,,0.99,,0.0,2.533333333333333,0.0,,,,cross_sports_on_macro,rescue_next_far_expiry
lebron_to_76ers,KXCPI-26OCT-T0.5,unscheduled_sports,macro_bucket,1,14,False,,,,,0.99,,0.0,2.8125,0.0,,,,cross_sports_on_macro,rescue_next_far_expiry
lebron_to_76ers,KXCPI-26OCT-T0.4,unscheduled_sports,macro_bucket,1,9,False,,,,,0.99,,0.0,2.533333333333333,0.0,,,,cross_sports_on_macro,rescue_next_far_expiry
brian_oneill_extension,KXFED-26OCT-T5.25,unscheduled_sports,macro_bucket,1,8,True,,,,,0.01,,0.0,41.411764705882355,0.0,,,,cross_sports_on_macro,primary_pull
brian_oneill_extension,KXFED-26OCT-T5.00,unscheduled_sports,macro_bucket,1,9,False,-0.02611111111111112,-1.035094661630675,-0.6351351351351352,13.6,0.01,,0.0,11.88888888888889,0.0,0.015,,,cross_sports_on_macro,primary_pull
brian_oneill_extension,KXCPI-26OCT-T0.5,unscheduled_sports,macro_bucket,1,14,False,,,,,0.39,,0.0,2.3684210526315788,0.0,,,,cross_sports_on_macro,rescue_next_far_expiry
brian_oneill_extension,KXCPI-26OCT-T0.4,unscheduled_sports,macro_bucket,1,9,False,,,,,0.49,,0.0,2.111111111111111,0.0,,,,cross_sports_on_macro,rescue_next_far_expiry
von_miller_to_cowboys,KXFED-26OCT-T5.00,unscheduled_sports,macro_bucket,1,12,True,,,,,0.01,,0.0,1.0434782608695652,0.0,,,,cross_sports_on_macro,primary_pull
von_miller_to_cowboys,KXCPI-26OCT-T0.4,unscheduled_sports,macro_bucket,1,11,True,0.03590909090909089,0.14414970881773076,0.07907907907907903,2.8333333333333335,0.49,,9.0,5.352941176470588,0.0,,,,cross_sports_on_macro,primary_pull
aaron_donald_comeback,KXFED-26DEC-T5.00,unscheduled_sports,macro_bucket,1,12,False,,,,,0.01,,0.0,16.11909090909091,0.0,,,,cross_sports_on_macro,primary_pull
kawhi_to_raptors,KXFED-26DEC-T5.00,unscheduled_sports,macro_bucket,1,13,True,,,,,0.02,,0.0,7.333333333333333,0.0,,,,cross_sports_on_macro,primary_pull
kawhi_to_raptors,KXCPI-26NOV-T0.5,unscheduled_sports,macro_bucket,1,8,False,-0.15499999999999997,-0.8089193569021063,-0.4492753623188405,9.066666666666666,0.12,,0.0,18.944444444444443,0.0,,,,cross_sports_on_macro,primary_pull
kawhi_to_raptors,KXCPI-26NOV-T0.4,unscheduled_sports,macro_bucket,1,5,False,0.0010000000000000564,0.004912566374082661,0.003521126760563579,9.066666666666666,0.07,,39.0,77.75,0.0,0.25,,,cross_sports_on_macro,primary_pull
myles_garrett_to_rams,KXFED-26SEP-T5.25,unscheduled_sports,macro_bucket,3,8,False,,,,,0.030000000000000002,,0.0,0.5714285714285714,0.0,,,,cross_sports_on_macro,primary_pull
myles_garrett_to_rams,KXFED-26SEP-T5.00,unscheduled_sports,macro_bucket,3,9,False,,,,,0.03,,0.0,9.153846153846153,0.0,,,,cross_sports_on_macro,primary_pull
myles_garrett_to_rams,KXCPI-26JUL-T0.5,unscheduled_sports,macro_bucket,3,25,False,-0.13499999999999995,-0.7290604857861573,-0.42187499999999994,10.683333333333334,0.13333333333333333,,36.38,151.2,1.0,0.19,,,cross_sports_on_macro,primary_pull
myles_garrett_to_rams,KXCPI-26JUL-T0.4,unscheduled_sports,macro_bucket,3,24,False,0.1474999999999999,0.594802097060466,0.3575757575757573,10.683333333333334,0.8099999999999999,,39.0,43.0,22.0,0.5599999999999999,,,cross_sports_on_macro,primary_pull
aj_brown_to_patriots,KXFED-26SEP-T5.25,unscheduled_sports,macro_bucket,3,8,False,,,,,0.030000000000000002,,0.0,0.5714285714285714,0.0,,,,cross_sports_on_macro,primary_pull
aj_brown_to_patriots,KXFED-26SEP-T5.00,unscheduled_sports,macro_bucket,3,9,False,,,,,0.03,,0.0,9.153846153846153,0.0,,,,cross_sports_on_macro,primary_pull
aj_brown_to_patriots,KXCPI-26JUL-T0.5,unscheduled_sports,macro_bucket,3,25,False,-0.13499999999999995,-0.7290604857861573,-0.42187499999999994,7.666666666666667,0.13333333333333333,,36.38,151.2,1.0,0.19,,,cross_sports_on_macro,primary_pull
aj_brown_to_patriots,KXCPI-26JUL-T0.4,unscheduled_sports,macro_bucket,3,24,False,0.1474999999999999,0.594802097060466,0.3575757575757573,7.666666666666667,0.8099999999999999,,39.0,43.0,22.0,0.5599999999999999,,,cross_sports_on_macro,primary_pull
giannis_to_heat,KXCPI-26AUG-T0.5,unscheduled_sports,macro_bucket,3,22,False,-0.19,-1.243443236546566,-0.6333333333333334,0.16666666666666666,0.09000000000000001,,1.0,21.866818181818182,-1.0,0.115,,,cross_sports_on_macro,primary_pull
giannis_to_heat,KXCPI-26AUG-T0.4,unscheduled_sports,macro_bucket,3,21,False,-0.24476190476190485,-1.32605457752325,-0.6279780085522297,0.16666666666666666,0.08666666666666667,,1.0,38.266666666666666,0.0,0.15000000000000002,,,cross_sports_on_macro,primary_pull
jaylen_brown_to_76ers,KXCPI-26AUG-T0.5,unscheduled_sports,macro_bucket,3,24,False,-0.11895833333333335,-0.876538718951235,-0.5195632393084623,5.666666666666667,0.06000000000000001,,0.0,13.5025,0.0,0.11499999999999999,,,cross_sports_on_macro,primary_pull
jaylen_brown_to_76ers,KXCPI-26AUG-T0.4,unscheduled_sports,macro_bucket,3,19,False,-0.16315789473684209,-0.9336611804906098,-0.5128205128205128,5.666666666666667,0.06333333333333334,,0.0,47.50473684210527,0.0,0.14500000000000002,,,cross_sports_on_macro,primary_pull
mike_conley_to_celtics,KXCPI-26AUG-T0.5,unscheduled_sports,macro_bucket,3,24,False,-0.11895833333333335,-0.876538718951235,-0.5195632393084623,13.033333333333333,0.06000000000000001,,0.0,13.5025,0.0,0.11499999999999999,,,cross_sports_on_macro,primary_pull
mike_conley_to_celtics,KXCPI-26AUG-T0.4,unscheduled_sports,macro_bucket,3,19,False,-0.16315789473684209,-0.9336611804906098,-0.5128205128205128,13.033333333333333,0.06333333333333334,,0.0,47.50473684210527,0.0,0.14500000000000002,,,cross_sports_on_macro,primary_pull
mitchell_robinson_to_celtics,KXCPI-26AUG-T0.5,unscheduled_sports,macro_bucket,3,24,False,-0.11895833333333335,-0.876538718951235,-0.5195632393084623,12.35,0.06000000000000001,,0.0,13.5025,0.0,0.11499999999999999,,,cross_sports_on_macro,primary_pull
mitchell_robinson_to_celtics,KXCPI-26AUG-T0.4,unscheduled_sports,macro_bucket,3,19,False,-0.16315789473684209,-0.9336611804906098,-0.5128205128205128,12.35,0.06333333333333334,,0.0,47.50473684210527,0.0,0.14500000000000002,,,cross_sports_on_macro,primary_pull
neemias_queta_extension,KXCPI-26AUG-T0.5,unscheduled_sports,macro_bucket,3,24,False,-0.11270833333333335,-0.9152633141329642,-0.5426278836509529,38.11666666666667,0.05500000000000001,,7.0,13.335833333333333,-4.0,0.11,,,cross_sports_on_macro,primary_pull
neemias_queta_extension,KXCPI-26AUG-T0.4,unscheduled_sports,macro_bucket,3,19,False,-0.1528947368421053,-0.9518239027446435,-0.5310786106032908,14.116666666666667,0.08,,13.0,47.45210526315789,0.0,0.155,,,cross_sports_on_macro,primary_pull
donovan_mitchell_extension,KXCPI-26AUG-T0.5,unscheduled_sports,macro_bucket,3,24,False,,,,,0.11666666666666668,,15.5,13.294166666666667,0.0,0.095,,,cross_sports_on_macro,primary_pull
donovan_mitchell_extension,KXCPI-26AUG-T0.4,unscheduled_sports,macro_bucket,3,19,False,,,,,0.4266666666666667,,0.0,47.66263157894736,0.0,0.14,,,cross_sports_on_macro,primary_pull
dlo_six_team_trade,KXCPI-26AUG-T0.5,unscheduled_sports,macro_bucket,3,24,False,,,,,0.11666666666666668,,15.5,13.294166666666667,0.0,0.095,,,cross_sports_on_macro,primary_pull
dlo_six_team_trade,KXCPI-26AUG-T0.4,unscheduled_sports,macro_bucket,3,19,False,,,,,0.4266666666666667,,0.0,47.66263157894736,0.0,0.14,,,cross_sports_on_macro,primary_pull
jordan_walsh_extension,KXFED-26OCT-T5.25,unscheduled_sports,macro_bucket,3,9,True,,,,,0.02,,0.0,58.666666666666664,0.0,,,,cross_sports_on_macro,primary_pull
jordan_walsh_extension,KXFED-26OCT-T5.00,unscheduled_sports,macro_bucket,3,12,False,-0.028333333333333335,-1.0900585817717943,-0.6538461538461539,63.55,0.015,,2.0,17.125,2.0,,,,cross_sports_on_macro,primary_pull
jordan_walsh_extension,KXCPI-26OCT-T0.5,unscheduled_sports,macro_bucket,3,14,False,,,,,0.99,,0.0,2.8125,0.0,,,,cross_sports_on_macro,rescue_next_far_expiry
jordan_walsh_extension,KXCPI-26OCT-T0.4,unscheduled_sports,macro_bucket,3,9,False,,,,,0.99,,0.0,2.533333333333333,0.0,,,,cross_sports_on_macro,rescue_next_far_expiry
lebron_to_76ers,KXFED-26OCT-T5.25,unscheduled_sports,macro_bucket,3,9,True,,,,,0.02,,0.0,54.15384615384615,0.0,,,,cross_sports_on_macro,primary_pull
lebron_to_76ers,KXFED-26OCT-T5.00,unscheduled_sports,macro_bucket,3,11,False,-0.027727272727272732,-1.0753405296459615,-0.6489361702127661,31.433333333333334,0.01,,13.0,15.125,11.0,,,,cross_sports_on_macro,primary_pull
lebron_to_76ers,KXCPI-26OCT-T0.5,unscheduled_sports,macro_bucket,3,14,False,,,,,0.99,,0.0,2.8125,0.0,,,,cross_sports_on_macro,rescue_next_far_expiry
lebron_to_76ers,KXCPI-26OCT-T0.4,unscheduled_sports,macro_bucket,3,9,False,,,,,0.99,,0.0,2.533333333333333,0.0,,,,cross_sports_on_macro,rescue_next_far_expiry
brian_oneill_extension,KXFED-26OCT-T5.25,unscheduled_sports,macro_bucket,3,8,True,,,,,0.01,,0.0,41.411764705882355,0.0,,,,cross_sports_on_macro,primary_pull
brian_oneill_extension,KXFED-26OCT-T5.00,unscheduled_sports,macro_bucket,3,9,False,,,,,0.01,,11.0,11.88888888888889,0.0,0.015,,,cross_sports_on_macro,primary_pull
brian_oneill_extension,KXCPI-26OCT-T0.5,unscheduled_sports,macro_bucket,3,14,False,,,,,0.38999999999999996,,0.0,2.3684210526315788,0.0,,,,cross_sports_on_macro,rescue_next_far_expiry
brian_oneill_extension,KXCPI-26OCT-T0.4,unscheduled_sports,macro_bucket,3,9,False,,,,,0.49,,55.0,2.111111111111111,55.0,,,,cross_sports_on_macro,rescue_next_far_expiry
von_miller_to_cowboys,KXFED-26OCT-T5.00,unscheduled_sports,macro_bucket,3,12,True,,,,,0.01,,0.0,1.0434782608695652,0.0,,,,cross_sports_on_macro,primary_pull
von_miller_to_cowboys,KXCPI-26OCT-T0.5,unscheduled_sports,macro_bucket,3,14,True,-0.32535714285714284,-3.911066072700602,-0.9701810436634718,50.833333333333336,0.45,,1756.0,0.0,0.0,,,,cross_sports_on_macro,primary_pull
von_miller_to_cowboys,KXCPI-26OCT-T0.4,unscheduled_sports,macro_bucket,3,11,True,-0.4440909090909091,-4.41096480670316,-0.9779779779779779,50.833333333333336,0.49333333333333335,,169.0,5.352941176470588,0.0,,,,cross_sports_on_macro,primary_pull
von_miller_to_cowboys,KXFED-26DEC-T5.00,unscheduled_sports,macro_bucket,3,21,False,,,,,0.01,,0.0,24.93047619047619,0.0,,,,cross_sports_on_macro,rescue_next_far_expiry
aaron_donald_comeback,KXFED-26DEC-T5.00,unscheduled_sports,macro_bucket,3,12,False,,,,,0.016666666666666666,,0.0,16.11909090909091,0.0,,,,cross_sports_on_macro,primary_pull
aaron_donald_comeback,KXCPI-26OCT-T0.5,unscheduled_sports,macro_bucket,3,5,False,,,,,0.38,,0.0,111.52941176470588,0.0,0.38,,,cross_sports_on_macro,primary_pull
aaron_donald_comeback,KXCPI-26OCT-T0.4,unscheduled_sports,macro_bucket,3,5,False,,,,,0.48,,0.0,88.5,0.0,,,,cross_sports_on_macro,primary_pull
kawhi_to_raptors,KXFED-26DEC-T5.00,unscheduled_sports,macro_bucket,3,13,True,,,,,0.02,,0.0,7.333333333333333,0.0,,,,cross_sports_on_macro,primary_pull
kawhi_to_raptors,KXCPI-26NOV-T0.5,unscheduled_sports,macro_bucket,3,8,False,-0.175,-0.9445364451364899,-0.5072463768115942,9.066666666666666,0.056666666666666664,,4.0,18.944444444444443,0.0,,,,cross_sports_on_macro,primary_pull
kawhi_to_raptors,KXCPI-26NOV-T0.4,unscheduled_sports,macro_bucket,3,5,False,-0.01899999999999996,-0.09543474442717481,-0.0669014084507041,33.06666666666667,0.03000000000000001,,44.0,77.75,1.0,0.25,,,cross_sports_on_macro,primary_pull
myles_garrett_to_rams,KXFED-26SEP-T5.25,unscheduled_sports,macro_bucket,5,8,False,,,,,0.032,,0.0,0.5714285714285714,0.0,,,,cross_sports_on_macro,primary_pull
myles_garrett_to_rams,KXFED-26SEP-T5.00,unscheduled_sports,macro_bucket,5,9,False,,,,,0.0325,,0.0,9.153846153846153,0.0,,,,cross_sports_on_macro,primary_pull
myles_garrett_to_rams,KXCPI-26JUL-T0.5,unscheduled_sports,macro_bucket,5,25,False,-0.12999999999999995,-0.696238373129618,-0.4062499999999999,10.683333333333334,0.128,,210.38,151.2,-14.990000000000236,0.19,,,cross_sports_on_macro,primary_pull
myles_garrett_to_rams,KXCPI-26JUL-T0.4,unscheduled_sports,macro_bucket,5,24,False,0.01749999999999996,0.07178888810259026,0.04242424242424232,10.683333333333334,0.7959999999999999,,269.0,43.0,-13.0,0.5599999999999999,,,cross_sports_on_macro,primary_pull
aj_brown_to_patriots,KXFED-26SEP-T5.25,unscheduled_sports,macro_bucket,5,8,False,,,,,0.032,,0.0,0.5714285714285714,0.0,,,,cross_sports_on_macro,primary_pull
aj_brown_to_patriots,KXFED-26SEP-T5.00,unscheduled_sports,macro_bucket,5,9,False,,,,,0.0325,,0.0,9.153846153846153,0.0,,,,cross_sports_on_macro,primary_pull
aj_brown_to_patriots,KXCPI-26JUL-T0.5,unscheduled_sports,macro_bucket,5,25,False,-0.12999999999999995,-0.696238373129618,-0.4062499999999999,7.666666666666667,0.128,,210.38,151.2,-14.990000000000236,0.19,,,cross_sports_on_macro,primary_pull
aj_brown_to_patriots,KXCPI-26JUL-T0.4,unscheduled_sports,macro_bucket,5,24,False,0.01749999999999996,0.07178888810259026,0.04242424242424232,7.666666666666667,0.7959999999999999,,269.0,43.0,-13.0,0.5599999999999999,,,cross_sports_on_macro,primary_pull
giannis_to_heat,KXCPI-26AUG-T0.5,unscheduled_sports,macro_bucket,5,22,False,-0.19,-1.243443236546566,-0.6333333333333334,0.16666666666666666,0.094,,1.0,21.866818181818182,-1.0,0.115,,,cross_sports_on_macro,primary_pull
giannis_to_heat,KXCPI-26AUG-T0.4,unscheduled_sports,macro_bucket,5,21,False,-0.22476190476190488,-1.1731731019573393,-0.576664630421503,0.16666666666666666,0.076,,1.0,38.266666666666666,0.0,0.15000000000000002,,,cross_sports_on_macro,primary_pull
jaylen_brown_to_76ers,KXCPI-26AUG-T0.5,unscheduled_sports,macro_bucket,5,24,False,-0.13395833333333335,-1.039855674116851,-0.5850773430391265,5.666666666666667,0.05750000000000001,,7.0,13.5025,-4.0,0.11499999999999999,,,cross_sports_on_macro,primary_pull
jaylen_brown_to_76ers,KXCPI-26AUG-T0.4,unscheduled_sports,macro_bucket,5,19,False,-0.18315789473684208,-1.0952043985461324,-0.575682382133995,5.666666666666667,0.07,,13.0,47.50473684210527,0.0,0.14500000000000002,,,cross_sports_on_macro,primary_pull
mike_conley_to_celtics,KXCPI-26AUG-T0.5,unscheduled_sports,macro_bucket,5,24,False,-0.13395833333333335,-1.039855674116851,-0.5850773430391265,13.033333333333333,0.05750000000000001,,7.0,13.5025,-4.0,0.11499999999999999,,,cross_sports_on_macro,primary_pull
mike_conley_to_celtics,KXCPI-26AUG-T0.4,unscheduled_sports,macro_bucket,5,19,False,-0.18315789473684208,-1.0952043985461324,-0.575682382133995,13.033333333333333,0.07,,13.0,47.50473684210527,0.0,0.14500000000000002,,,cross_sports_on_macro,primary_pull
mitchell_robinson_to_celtics,KXCPI-26AUG-T0.5,unscheduled_sports,macro_bucket,5,24,False,-0.13395833333333335,-1.039855674116851,-0.5850773430391265,12.35,0.05750000000000001,,7.0,13.5025,-4.0,0.11499999999999999,,,cross_sports_on_macro,primary_pull
mitchell_robinson_to_celtics,KXCPI-26AUG-T0.4,unscheduled_sports,macro_bucket,5,19,False,-0.18315789473684208,-1.0952043985461324,-0.575682382133995,12.35,0.07,,13.0,47.50473684210527,0.0,0.14500000000000002,,,cross_sports_on_macro,primary_pull
neemias_queta_extension,KXCPI-26AUG-T0.5,unscheduled_sports,macro_bucket,5,24,False,-0.11270833333333335,-0.9152633141329642,-0.5426278836509529,38.11666666666667,0.060000000000000005,,22.5,13.335833333333333,11.5,0.11,,,cross_sports_on_macro,primary_pull
neemias_queta_extension,KXCPI-26AUG-T0.4,unscheduled_sports,macro_bucket,5,19,False,-0.1478947368421053,-0.9096591408894427,-0.513711151736746,14.116666666666667,0.09,,13.0,47.45210526315789,0.0,0.155,,,cross_sports_on_macro,primary_pull
donovan_mitchell_extension,KXCPI-26AUG-T0.5,unscheduled_sports,macro_bucket,5,24,False,0.11499999999999996,0.6552133653563255,0.6571428571428569,113.98333333333333,0.158,,71.5,13.294166666666667,48.0,0.095,,,cross_sports_on_macro,primary_pull
donovan_mitchell_extension,KXCPI-26AUG-T0.4,unscheduled_sports,macro_bucket,5,19,False,,,,,0.6519999999999999,,0.0,47.66263157894736,0.0,0.14,,,cross_sports_on_macro,primary_pull
dlo_six_team_trade,KXCPI-26AUG-T0.5,unscheduled_sports,macro_bucket,5,24,False,0.11499999999999996,0.6552133653563255,0.6571428571428569,99.11666666666666,0.158,,71.5,13.294166666666667,48.0,0.095,,,cross_sports_on_macro,primary_pull
dlo_six_team_trade,KXCPI-26AUG-T0.4,unscheduled_sports,macro_bucket,5,19,False,,,,,0.6519999999999999,,0.0,47.66263157894736,0.0,0.14,,,cross_sports_on_macro,primary_pull
jordan_walsh_extension,KXFED-26OCT-T5.25,unscheduled_sports,macro_bucket,5,9,True,,,,,0.02,,0.0,58.666666666666664,0.0,,,,cross_sports_on_macro,primary_pull
jordan_walsh_extension,KXFED-26OCT-T5.00,unscheduled_sports,macro_bucket,5,12,False,-0.028333333333333335,-1.0900585817717943,-0.6538461538461539,63.55,0.013333333333333334,,13.0,17.125,13.0,,,,cross_sports_on_macro,primary_pull
jordan_walsh_extension,KXCPI-26OCT-T0.5,unscheduled_sports,macro_bucket,5,14,False,,,,,0.99,,0.0,2.8125,0.0,,,,cross_sports_on_macro,rescue_next_far_expiry
jordan_walsh_extension,KXCPI-26OCT-T0.4,unscheduled_sports,macro_bucket,5,9,False,,,,,0.99,,0.0,2.533333333333333,0.0,,,,cross_sports_on_macro,rescue_next_far_expiry
lebron_to_76ers,KXFED-26OCT-T5.25,unscheduled_sports,macro_bucket,5,9,True,,,,,0.015,,0.0,54.15384615384615,0.0,,,,cross_sports_on_macro,primary_pull
lebron_to_76ers,KXFED-26OCT-T5.00,unscheduled_sports,macro_bucket,5,11,False,-0.027727272727272732,-1.0753405296459615,-0.6489361702127661,31.433333333333334,0.01,,13.0,15.125,11.0,,,,cross_sports_on_macro,primary_pull
lebron_to_76ers,KXCPI-26OCT-T0.5,unscheduled_sports,macro_bucket,5,14,False,,,,,0.69,,0.0,2.8125,0.0,,,,cross_sports_on_macro,rescue_next_far_expiry
lebron_to_76ers,KXCPI-26OCT-T0.4,unscheduled_sports,macro_bucket,5,9,False,,,,,0.74,,0.0,2.533333333333333,0.0,,,,cross_sports_on_macro,rescue_next_far_expiry
brian_oneill_extension,KXFED-26OCT-T5.25,unscheduled_sports,macro_bucket,5,8,True,,,,,0.014000000000000002,,0.0,41.411764705882355,0.0,,,,cross_sports_on_macro,primary_pull
brian_oneill_extension,KXFED-26OCT-T5.00,unscheduled_sports,macro_bucket,5,9,False,,,,,0.014000000000000002,,11.0,11.88888888888889,0.0,0.015,,,cross_sports_on_macro,primary_pull
brian_oneill_extension,KXCPI-26OCT-T0.5,unscheduled_sports,macro_bucket,5,14,False,,,,,0.39,,0.0,2.3684210526315788,0.0,,,,cross_sports_on_macro,rescue_next_far_expiry
brian_oneill_extension,KXCPI-26OCT-T0.4,unscheduled_sports,macro_bucket,5,9,False,0.04388888888888892,0.17639072140137751,0.0983810709838108,37.6,0.492,,64.0,2.111111111111111,64.0,,,,cross_sports_on_macro,rescue_next_far_expiry
von_miller_to_cowboys,KXFED-26OCT-T5.00,unscheduled_sports,macro_bucket,5,12,True,,,,,0.01,,0.0,1.0434782608695652,0.0,,,,cross_sports_on_macro,primary_pull
von_miller_to_cowboys,KXCPI-26OCT-T0.5,unscheduled_sports,macro_bucket,5,14,True,,,,,0.42000000000000004,,1760.0,0.0,4.0,,,,cross_sports_on_macro,primary_pull
von_miller_to_cowboys,KXCPI-26OCT-T0.4,unscheduled_sports,macro_bucket,5,11,True,,,,,0.492,,169.0,5.352941176470588,0.0,,,,cross_sports_on_macro,primary_pull
von_miller_to_cowboys,KXFED-26DEC-T5.00,unscheduled_sports,macro_bucket,5,21,False,,,,,0.01,,0.0,24.93047619047619,0.0,,,,cross_sports_on_macro,rescue_next_far_expiry
aaron_donald_comeback,KXFED-26DEC-T5.00,unscheduled_sports,macro_bucket,5,12,False,,,,,0.018000000000000002,,0.0,16.11909090909091,0.0,,,,cross_sports_on_macro,primary_pull
aaron_donald_comeback,KXCPI-26OCT-T0.5,unscheduled_sports,macro_bucket,5,5,False,,,,,0.37,,0.0,111.52941176470588,0.0,0.38,,,cross_sports_on_macro,primary_pull
aaron_donald_comeback,KXCPI-26OCT-T0.4,unscheduled_sports,macro_bucket,5,5,False,,,,,0.47,,0.0,88.5,0.0,,,,cross_sports_on_macro,primary_pull
kawhi_to_raptors,KXFED-26DEC-T5.00,unscheduled_sports,macro_bucket,5,13,True,,,,,0.02,,0.0,7.333333333333333,0.0,,,,cross_sports_on_macro,primary_pull
kawhi_to_raptors,KXCPI-26NOV-T0.5,unscheduled_sports,macro_bucket,5,8,False,-0.20499999999999996,-1.174199148034357,-0.5942028985507246,9.066666666666666,0.05,,12.0,18.944444444444443,-4.0,,,,cross_sports_on_macro,primary_pull
kawhi_to_raptors,KXCPI-26NOV-T0.4,unscheduled_sports,macro_bucket,5,5,False,-0.10399999999999998,-0.5916415605686489,-0.3661971830985915,81.06666666666666,0.044000000000000004,,45.0,77.75,1.0,0.25,,,cross_sports_on_macro,primary_pull
