ticker,series,event_id,event_type,category,t0_utc,discovery_source,status,market_type,subtitle,yes_sub_title,floor_strike,cap_strike,open_time,close_time,candle_source,n_candles
KXFED-26SEP-T5.25,KXFED,myles_garrett_to_rams_fx,unscheduled_sports,crossdomain_macro_farexpiry,2026-06-01T17:19:00Z,live,finalized,binary,5.25%,Above 5.25%,5.25,,2025-08-06T14:30:00Z,2026-09-16T17:55:00Z,live,38
KXFED-26SEP-T5.00,KXFED,myles_garrett_to_rams_fx,unscheduled_sports,crossdomain_macro_farexpiry,2026-06-01T17:19:00Z,live,finalized,binary,5.00%,Above 5.00%,5,,2025-08-06T14:30:00Z,2026-09-16T17:55:00Z,live,32
KXCPI-26JUL-T0.5,KXCPI,myles_garrett_to_rams_fx,unscheduled_sports,crossdomain_macro_farexpiry,2026-06-01T17:19:00Z,live,finalized,binary,0.5%,Above 0.5%,0.5,,2026-02-20T15:00:00Z,2026-08-12T12:25:00Z,live,55
KXCPI-26JUL-T0.4,KXCPI,myles_garrett_to_rams_fx,unscheduled_sports,crossdomain_macro_farexpiry,2026-06-01T17:19:00Z,live,finalized,binary,0.4%,Above 0.4%,0.4,,2026-02-20T15:00:00Z,2026-08-12T12:25:00Z,live,54
KXFED-26SEP-T5.25,KXFED,aj_brown_to_patriots_fx,unscheduled_sports,crossdomain_macro_farexpiry,2026-06-01T20:20:00Z,live,finalized,binary,5.25%,Above 5.25%,5.25,,2025-08-06T14:30:00Z,2026-09-16T17:55:00Z,live,38
KXFED-26SEP-T5.00,KXFED,aj_brown_to_patriots_fx,unscheduled_sports,crossdomain_macro_farexpiry,2026-06-01T20:20:00Z,live,finalized,binary,5.00%,Above 5.00%,5,,2025-08-06T14:30:00Z,2026-09-16T17:55:00Z,live,32
KXCPI-26JUL-T0.5,KXCPI,aj_brown_to_patriots_fx,unscheduled_sports,crossdomain_macro_farexpiry,2026-06-01T20:20:00Z,live,finalized,binary,0.5%,Above 0.5%,0.5,,2026-02-20T15:00:00Z,2026-08-12T12:25:00Z,live,55
KXCPI-26JUL-T0.4,KXCPI,aj_brown_to_patriots_fx,unscheduled_sports,crossdomain_macro_farexpiry,2026-06-01T20:20:00Z,live,finalized,binary,0.4%,Above 0.4%,0.4,,2026-02-20T15:00:00Z,2026-08-12T12:25:00Z,live,54
KXFED-26SEP-T5.25,KXFED,giannis_to_heat_fx,unscheduled_sports,crossdomain_macro_farexpiry,2026-06-23T03:50:00Z,live,finalized,binary,5.25%,Above 5.25%,5.25,,2025-08-06T14:30:00Z,2026-09-16T17:55:00Z,live,22
KXFED-26SEP-T5.00,KXFED,giannis_to_heat_fx,unscheduled_sports,crossdomain_macro_farexpiry,2026-06-23T03:50:00Z,live,finalized,binary,5.00%,Above 5.00%,5,,2025-08-06T14:30:00Z,2026-09-16T17:55:00Z,live,22
KXCPI-26AUG-T0.5,KXCPI,giannis_to_heat_fx,unscheduled_sports,crossdomain_macro_farexpiry,2026-06-23T03:50:00Z,live,finalized,binary,0.5%,Above 0.5%,0.5,,2026-02-20T15:00:00Z,2026-09-11T12:25:00Z,live,51
KXCPI-26AUG-T0.4,KXCPI,giannis_to_heat_fx,unscheduled_sports,crossdomain_macro_farexpiry,2026-06-23T03:50:00Z,live,finalized,binary,0.4%,Above 0.4%,0.4,,2026-02-20T15:00:00Z,2026-09-11T12:25:00Z,live,47
KXFED-26SEP-T5.25,KXFED,jaylen_brown_to_76ers_fx,unscheduled_sports,crossdomain_macro_farexpiry,2026-07-01T22:20:00Z,live,finalized,binary,5.25%,Above 5.25%,5.25,,2025-08-06T14:30:00Z,2026-09-16T17:55:00Z,live,19
KXFED-26SEP-T5.00,KXFED,jaylen_brown_to_76ers_fx,unscheduled_sports,crossdomain_macro_farexpiry,2026-07-01T22:20:00Z,live,finalized,binary,5.00%,Above 5.00%,5,,2025-08-06T14:30:00Z,2026-09-16T17:55:00Z,live,22
KXCPI-26AUG-T0.5,KXCPI,jaylen_brown_to_76ers_fx,unscheduled_sports,crossdomain_macro_farexpiry,2026-07-01T22:20:00Z,live,finalized,binary,0.5%,Above 0.5%,0.5,,2026-02-20T15:00:00Z,2026-09-11T12:25:00Z,live,50
KXCPI-26AUG-T0.4,KXCPI,jaylen_brown_to_76ers_fx,unscheduled_sports,crossdomain_macro_farexpiry,2026-07-01T22:20:00Z,live,finalized,binary,0.4%,Above 0.4%,0.4,,2026-02-20T15:00:00Z,2026-09-11T12:25:00Z,live,47
KXFED-26SEP-T5.25,KXFED,mike_conley_to_celtics_fx,unscheduled_sports,crossdomain_macro_farexpiry,2026-07-01T14:58:00Z,live,finalized,binary,5.25%,Above 5.25%,5.25,,2025-08-06T14:30:00Z,2026-09-16T17:55:00Z,live,19
KXFED-26SEP-T5.00,KXFED,mike_conley_to_celtics_fx,unscheduled_sports,crossdomain_macro_farexpiry,2026-07-01T14:58:00Z,live,finalized,binary,5.00%,Above 5.00%,5,,2025-08-06T14:30:00Z,2026-09-16T17:55:00Z,live,22
KXCPI-26AUG-T0.5,KXCPI,mike_conley_to_celtics_fx,unscheduled_sports,crossdomain_macro_farexpiry,2026-07-01T14:58:00Z,live,finalized,binary,0.5%,Above 0.5%,0.5,,2026-02-20T15:00:00Z,2026-09-11T12:25:00Z,live,50
KXCPI-26AUG-T0.4,KXCPI,mike_conley_to_celtics_fx,unscheduled_sports,crossdomain_macro_farexpiry,2026-07-01T14:58:00Z,live,finalized,binary,0.4%,Above 0.4%,0.4,,2026-02-20T15:00:00Z,2026-09-11T12:25:00Z,live,47
KXFED-26SEP-T5.25,KXFED,mitchell_robinson_to_celtics_fx,unscheduled_sports,crossdomain_macro_farexpiry,2026-07-01T15:39:00Z,live,finalized,binary,5.25%,Above 5.25%,5.25,,2025-08-06T14:30:00Z,2026-09-16T17:55:00Z,live,19
KXFED-26SEP-T5.00,KXFED,mitchell_robinson_to_celtics_fx,unscheduled_sports,crossdomain_macro_farexpiry,2026-07-01T15:39:00Z,live,finalized,binary,5.00%,Above 5.00%,5,,2025-08-06T14:30:00Z,2026-09-16T17:55:00Z,live,22
KXCPI-26AUG-T0.5,KXCPI,mitchell_robinson_to_celtics_fx,unscheduled_sports,crossdomain_macro_farexpiry,2026-07-01T15:39:00Z,live,finalized,binary,0.5%,Above 0.5%,0.5,,2026-02-20T15:00:00Z,2026-09-11T12:25:00Z,live,50
KXCPI-26AUG-T0.4,KXCPI,mitchell_robinson_to_celtics_fx,unscheduled_sports,crossdomain_macro_farexpiry,2026-07-01T15:39:00Z,live,finalized,binary,0.4%,Above 0.4%,0.4,,2026-02-20T15:00:00Z,2026-09-11T12:25:00Z,live,47
KXFED-26SEP-T5.25,KXFED,neemias_queta_extension_fx,unscheduled_sports,crossdomain_macro_farexpiry,2026-07-03T13:53:00Z,live,finalized,binary,5.25%,Above 5.25%,5.25,,2025-08-06T14:30:00Z,2026-09-16T17:55:00Z,live,20
KXFED-26SEP-T5.00,KXFED,neemias_queta_extension_fx,unscheduled_sports,crossdomain_macro_farexpiry,2026-07-03T13:53:00Z,live,finalized,binary,5.00%,Above 5.00%,5,,2025-08-06T14:30:00Z,2026-09-16T17:55:00Z,live,24
KXCPI-26AUG-T0.5,KXCPI,neemias_queta_extension_fx,unscheduled_sports,crossdomain_macro_farexpiry,2026-07-03T13:53:00Z,live,finalized,binary,0.5%,Above 0.5%,0.5,,2026-02-20T15:00:00Z,2026-09-11T12:25:00Z,live,50
KXCPI-26AUG-T0.4,KXCPI,neemias_queta_extension_fx,unscheduled_sports,crossdomain_macro_farexpiry,2026-07-03T13:53:00Z,live,finalized,binary,0.4%,Above 0.4%,0.4,,2026-02-20T15:00:00Z,2026-09-11T12:25:00Z,live,47
KXFED-26SEP-T5.25,KXFED,donovan_mitchell_extension_fx,unscheduled_sports,crossdomain_macro_farexpiry,2026-07-07T10:01:00Z,live,finalized,binary,5.25%,Above 5.25%,5.25,,2025-08-06T14:30:00Z,2026-09-16T17:55:00Z,live,20
KXFED-26SEP-T5.00,KXFED,donovan_mitchell_extension_fx,unscheduled_sports,crossdomain_macro_farexpiry,2026-07-07T10:01:00Z,live,finalized,binary,5.00%,Above 5.00%,5,,2025-08-06T14:30:00Z,2026-09-16T17:55:00Z,live,24
KXCPI-26AUG-T0.5,KXCPI,donovan_mitchell_extension_fx,unscheduled_sports,crossdomain_macro_farexpiry,2026-07-07T10:01:00Z,live,finalized,binary,0.5%,Above 0.5%,0.5,,2026-02-20T15:00:00Z,2026-09-11T12:25:00Z,live,50
KXCPI-26AUG-T0.4,KXCPI,donovan_mitchell_extension_fx,unscheduled_sports,crossdomain_macro_farexpiry,2026-07-07T10:01:00Z,live,finalized,binary,0.4%,Above 0.4%,0.4,,2026-02-20T15:00:00Z,2026-09-11T12:25:00Z,live,47
KXFED-26SEP-T5.25,KXFED,dlo_six_team_trade_fx,unscheduled_sports,crossdomain_macro_farexpiry,2026-07-08T00:53:00Z,live,finalized,binary,5.25%,Above 5.25%,5.25,,2025-08-06T14:30:00Z,2026-09-16T17:55:00Z,live,20
KXFED-26SEP-T5.00,KXFED,dlo_six_team_trade_fx,unscheduled_sports,crossdomain_macro_farexpiry,2026-07-08T00:53:00Z,live,finalized,binary,5.00%,Above 5.00%,5,,2025-08-06T14:30:00Z,2026-09-16T17:55:00Z,live,24
KXCPI-26AUG-T0.5,KXCPI,dlo_six_team_trade_fx,unscheduled_sports,crossdomain_macro_farexpiry,2026-07-08T00:53:00Z,live,finalized,binary,0.5%,Above 0.5%,0.5,,2026-02-20T15:00:00Z,2026-09-11T12:25:00Z,live,50
KXCPI-26AUG-T0.4,KXCPI,dlo_six_team_trade_fx,unscheduled_sports,crossdomain_macro_farexpiry,2026-07-08T00:53:00Z,live,finalized,binary,0.4%,Above 0.4%,0.4,,2026-02-20T15:00:00Z,2026-09-11T12:25:00Z,live,47
KXFED-26OCT-T5.25,KXFED,jordan_walsh_extension_fx,unscheduled_sports,crossdomain_macro_farexpiry,2026-07-23T12:27:00Z,live,active,binary,5.25%,Above 5.25%,5.25,,2025-08-06T14:30:00Z,2026-10-28T17:55:00Z,live,29
KXFED-26OCT-T5.00,KXFED,jordan_walsh_extension_fx,unscheduled_sports,crossdomain_macro_farexpiry,2026-07-23T12:27:00Z,live,active,binary,5.00%,Above 5.00%,5,,2025-08-06T14:30:00Z,2026-10-28T17:55:00Z,live,36
KXCPI-26SEP-T0.6,KXCPI,jordan_walsh_extension_fx,unscheduled_sports,crossdomain_macro_farexpiry,2026-07-23T12:27:00Z,live,active,binary,0.6%,Above 0.6%,0.6,,2026-07-20T18:00:00Z,2026-10-14T12:25:00Z,live,11
KXCPI-26SEP-T-0.4,KXCPI,jordan_walsh_extension_fx,unscheduled_sports,crossdomain_macro_farexpiry,2026-07-23T12:27:00Z,live,active,binary,-0.4%,Above -0.4%,-0.4,,2026-07-20T18:00:00Z,2026-10-14T12:25:00Z,live,13
KXFED-26OCT-T5.25,KXFED,lebron_to_76ers_fx,unscheduled_sports,crossdomain_macro_farexpiry,2026-07-24T20:34:00Z,live,active,binary,5.25%,Above 5.25%,5.25,,2025-08-06T14:30:00Z,2026-10-28T17:55:00Z,live,30
KXFED-26OCT-T5.00,KXFED,lebron_to_76ers_fx,unscheduled_sports,crossdomain_macro_farexpiry,2026-07-24T20:34:00Z,live,active,binary,5.00%,Above 5.00%,5,,2025-08-06T14:30:00Z,2026-10-28T17:55:00Z,live,37
KXCPI-26SEP-T0.6,KXCPI,lebron_to_76ers_fx,unscheduled_sports,crossdomain_macro_farexpiry,2026-07-24T20:34:00Z,live,active,binary,0.6%,Above 0.6%,0.6,,2026-07-20T18:00:00Z,2026-10-14T12:25:00Z,live,12
KXCPI-26SEP-T-0.4,KXCPI,lebron_to_76ers_fx,unscheduled_sports,crossdomain_macro_farexpiry,2026-07-24T20:34:00Z,live,active,binary,-0.4%,Above -0.4%,-0.4,,2026-07-20T18:00:00Z,2026-10-14T12:25:00Z,live,14
KXFED-26OCT-T5.25,KXFED,brian_oneill_extension_fx,unscheduled_sports,crossdomain_macro_farexpiry,2026-07-28T14:24:00Z,live,active,binary,5.25%,Above 5.25%,5.25,,2025-08-06T14:30:00Z,2026-10-28T17:55:00Z,live,33
KXFED-26OCT-T5.00,KXFED,brian_oneill_extension_fx,unscheduled_sports,crossdomain_macro_farexpiry,2026-07-28T14:24:00Z,live,active,binary,5.00%,Above 5.00%,5,,2025-08-06T14:30:00Z,2026-10-28T17:55:00Z,live,40
KXCPI-26SEP-T0.6,KXCPI,brian_oneill_extension_fx,unscheduled_sports,crossdomain_macro_farexpiry,2026-07-28T14:24:00Z,live,active,binary,0.6%,Above 0.6%,0.6,,2026-07-20T18:00:00Z,2026-10-14T12:25:00Z,live,16
KXCPI-26SEP-T-0.4,KXCPI,brian_oneill_extension_fx,unscheduled_sports,crossdomain_macro_farexpiry,2026-07-28T14:24:00Z,live,active,binary,-0.4%,Above -0.4%,-0.4,,2026-07-20T18:00:00Z,2026-10-14T12:25:00Z,live,18
KXFED-26OCT-T5.25,KXFED,von_miller_to_cowboys_fx,unscheduled_sports,crossdomain_macro_farexpiry,2026-08-17T01:10:00Z,live,active,binary,5.25%,Above 5.25%,5.25,,2025-08-06T14:30:00Z,2026-10-28T17:55:00Z,live,41
KXFED-26OCT-T5.00,KXFED,von_miller_to_cowboys_fx,unscheduled_sports,crossdomain_macro_farexpiry,2026-08-17T01:10:00Z,live,active,binary,5.00%,Above 5.00%,5,,2025-08-06T14:30:00Z,2026-10-28T17:55:00Z,live,44
KXCPI-26OCT-T0.5,KXCPI,von_miller_to_cowboys_fx,unscheduled_sports,crossdomain_macro_farexpiry,2026-08-17T01:10:00Z,live,active,binary,0.5%,Above 0.5%,0.5,,2026-02-20T15:00:00Z,2026-11-10T13:25:00Z,live,41
KXCPI-26OCT-T0.4,KXCPI,von_miller_to_cowboys_fx,unscheduled_sports,crossdomain_macro_farexpiry,2026-08-17T01:10:00Z,live,active,binary,0.4%,Above 0.4%,0.4,,2026-02-20T15:00:00Z,2026-11-10T13:25:00Z,live,43
KXFED-26DEC-T5.25,KXFED,aaron_donald_comeback_fx,unscheduled_sports,crossdomain_macro_farexpiry,2026-08-30T17:00:00Z,live,active,binary,5.25%,Above 5.25%,5.25,,2025-08-06T14:30:00Z,2026-12-09T18:55:00Z,live,36
KXFED-26DEC-T5.00,KXFED,aaron_donald_comeback_fx,unscheduled_sports,crossdomain_macro_farexpiry,2026-08-30T17:00:00Z,live,active,binary,5.00%,Above 5.00%,5,,2025-08-06T14:30:00Z,2026-12-09T18:55:00Z,live,47
KXCPI-26OCT-T0.5,KXCPI,aaron_donald_comeback_fx,unscheduled_sports,crossdomain_macro_farexpiry,2026-08-30T17:00:00Z,live,active,binary,0.5%,Above 0.5%,0.5,,2026-02-20T15:00:00Z,2026-11-10T13:25:00Z,live,36
KXCPI-26OCT-T0.4,KXCPI,aaron_donald_comeback_fx,unscheduled_sports,crossdomain_macro_farexpiry,2026-08-30T17:00:00Z,live,active,binary,0.4%,Above 0.4%,0.4,,2026-02-20T15:00:00Z,2026-11-10T13:25:00Z,live,38
KXFED-26DEC-T5.25,KXFED,kawhi_to_raptors_fx,unscheduled_sports,crossdomain_macro_farexpiry,2026-09-14T18:56:00Z,live,active,binary,5.25%,Above 5.25%,5.25,,2025-08-06T14:30:00Z,2026-12-09T18:55:00Z,live,36
KXFED-26DEC-T5.00,KXFED,kawhi_to_raptors_fx,unscheduled_sports,crossdomain_macro_farexpiry,2026-09-14T18:56:00Z,live,active,binary,5.00%,Above 5.00%,5,,2025-08-06T14:30:00Z,2026-12-09T18:55:00Z,live,45
KXCPI-26NOV-T0.5,KXCPI,kawhi_to_raptors_fx,unscheduled_sports,crossdomain_macro_farexpiry,2026-09-14T18:56:00Z,live,active,binary,0.5%,Above 0.5%,0.5,,2026-02-20T15:00:00Z,2026-12-10T13:25:00Z,live,39
KXCPI-26NOV-T0.4,KXCPI,kawhi_to_raptors_fx,unscheduled_sports,crossdomain_macro_farexpiry,2026-09-14T18:56:00Z,live,active,binary,0.4%,Above 0.4%,0.4,,2026-02-20T15:00:00Z,2026-12-10T13:25:00Z,live,38
